Customer_ID,Age,Gender,City,Signup_Date,Order_Date,Product_Category,Product_Price,Quantity,Discount,Payment_Method,Delivery_Days,Customer_Rating,Returned,Order_Status
CUST1190,32.0,Female,Ahmedabad,2024-08-29,2025-06-18,Home & Kitchen,200.0,5,10.0,Cash on Delivery,9.0,3.8,0,Delivered
CUST1044,28.0,Female,Jaipur,2024-04-23,2025-01-02,Grocery,140.84,2,10.0,UPI,6.0,,0,Delivered
CUST1161,47.0,Female,Patna,2025-03-10,2025-11-10,Grocery,50.0,1,20.0,Net Banking,6.0,3.1,0,Delivered
CUST1015,23.0,Male,Mumbai ,2025-04-25,2026-01-13,Grocery,79.11,2,10.0,Net Banking,5.0,3.5,0,Delivered
CUST1241,35.0,Female,Bengaluru,2025-02-26,2025-05-30,Books,100.0,3,15.0,Cash on Delivery,4.0,4.7,0,Delivered
CUST1075,37.0,MALE,Jaipur,2024-10-27,2025-09-24,Grocery,50.0,1,30.0,Net Banking,5.0,3.9,0,Delivered
CUST1174,37.0,Male,Hyderabad,2024-05-11,2024-06-09,Grocery,283.6,3,20.0,Cash on Delivery,9.0,3.3,0,Delivered
CUST1155,24.0,Male,Bengaluru,2025-03-03,2025-07-18,Home & Kitchen,261.43,4,15.0,UPI,5.0,4.1,1,Returned
CUST1200,23.0,Female,Hyderabad,2024-04-20,2024-09-23,Home & Kitchen,286.33,1,10.0,UPI,5.0,5.0,0,Delivered
CUST1246,,Female,Hyderabad,2024-10-09,2024-12-26,Books,126.96,4,30.0,Credit Card,4.0,5.0,0,Delivered
CUST1039,25.0,Female,Mumbai,2024-03-10,2024-08-22,Clothes,374.77,1,30.0,Credit Card,3.0,4.8,0,Delivered
CUST1047,41.0,Male,Chennai,2024-02-07,2024-11-25,Electronics,512.21,3,10.0,Credit Card,4.0,4.8,0,Delivered
CUST1103,40.0,Male,Delhi,2024-11-21,2025-03-13,Home & Kitchen,553.31,1,15.0,Cash on Delivery,4.0,3.1,0,Delivered
CUST1216,38.0,Female,Jaipur,2024-03-21,2024-10-21,Clothing,738.11,2,20.0,UPI,4.0,4.5,0,Delivered
CUST1020,29.0,Male,bengaluru,2024-11-01,2024-11-28,Books,191.92,1,10.0,Credit Card,1.0,5.0,0,Delivered
CUST1223,,Male,Kolkata,2025-03-12,2025-06-08,Electronics,720.22,2,0.0,Debit Card,7.0,4.3,0,Delivered
CUST1026,37.0,Female,Patna,2024-07-17,2025-05-14,Beauty,294.22,4,5.0,Cash on Delivery,1.0,4.8,0,Delivered
CUST1133,46.0,Male,Hyderabad,2024-12-27,2025-03-20,Beauty,150.0,4,5.0,Credit Card,5.0,3.4,0,Delivered
CUST1024,39.0,Female,Bengaluru,2024-03-08,2024-10-19,Electronics,60000.0,1,20.0,Debit Card,5.0,5.0,0,Delivered
CUST1130,34.0,Male,Hyderabad,2024-10-11,2024-10-25,Books,105.55,2,15.0,Net Banking,7.0,5.0,0,Delivered
CUST1173,28.0,Male,Jaipur,2024-07-08,2024-11-06,Clothing,667.76,3,30.0,Credit Card,5.0,4.2,0,Delivered
CUST1020,33.0,Female,Jaipur,2024-10-10,2025-02-16,Grocery,96.95,1,10.0,Net Banking,4.0,4.0,0,Delivered
CUST1242,37.0,Male,Delhi,2024-08-06,2024-10-26,Home & Kitchen,247.94,2,10.0,UPI,7.0,5.0,0,Delivered
CUST1216,34.0,Female,Ahmedabad,2024-07-22,2024-12-29,Beauty,150.0,2,30.0,Net Banking,5.0,3.3,1,Returned
CUST1065,30.0,Male,Chennai,2025-01-26,2025-02-12,Grocery,54.74,-2,30.0,Net Banking,6.0,5.0,0,Delivered
CUST1134,30.0,Female,Patna,2024-01-07,2024-10-04,Grocery,55.09,1,10.0,Cash on Delivery,8.0,2.8,1,Returned
CUST1200,33.0,Female,Delhi,2024-05-27,2024-06-03,Home & Kitchen,200.0,2,30.0,Credit Card,4.0,4.4,0,Delivered
CUST1204,19.0,Male,Kolkata,2024-04-03,2024-08-09,Home & Kitchen,333.77,1,10.0,Debit Card,6.0,,1,Returned
CUST1145,42.0,Male,Ahmedabad,2024-04-14,2024-07-27,Beauty,150.0,2,,Debit Card,6.0,4.4,1,Returned
CUST1190,37.0,Male,Pune,2024-11-08,2025-10-12,Books,154.2,1,20.0,Cash on Delivery,5.0,4.3,0,Delivered
CUST1132,18.0,Female,Ahmedabad,2025-01-24,2025-04-14,Electronics,332.06,4,0.0,UPI,6.0,4.0,0,Delivered
CUST1211,38.0,,Pune,2025-03-27,2025-07-09,Clothing,364.65,5,20.0,Cash on Delivery,3.0,4.4,1,Returned
CUST1074,23.0,Male,Patna,2025-02-28,2025-03-24,Electronics,300.0,3,10.0,Cash on Delivery,2.0,5.0,0,Cancelled
CUST1235,,FEMALE,Kolkata,2024-10-14,2025-10-12,Books,204.57,1,5.0,UPI,1.0,4.1,1,Returned
CUST1074,23.0,Male,Patna,2025-02-28,2025-03-24,Electronics,300.0,3,10.0,Cash on Delivery,2.0,5.0,0,Cancelled
CUST1013,26.0,Male,Hyderabad,2024-05-28,2025-01-01,Clothing,630.92,1,10.0,Credit Card,3.0,5.0,0,Delivered
CUST1192,31.0,Male,Delhi,2024-02-01,2024-11-03,Clothing,832.08,2,5.0,Debit Card,6.0,3.6,0,Delivered
CUST1022,48.0,Female,Patna,2024-12-22,2025-06-20,Grocery,78.61,2,,UPI,4.0,4.3,0,Delivered
CUST1020,30.0,Female,Pune,2024-03-24,2025-01-10,Clothing,300.0,3,0.0,Debit Card,4.0,4.8,0,Delivered
CUST1186,50.0,Male,Jaipur,2024-09-10,2024-10-03,Electronics,1123.73,1,,Net Banking,3.0,5.0,0,Delivered
CUST1004,31.0,Female,Jaipur,2024-04-30,2024-08-08,Beauty,150.0,2,5.0,Net Banking,3.0,3.4,0,Delivered
CUST1181,31.0,male,Kolkata,2025-03-29,2025-07-09,Clothing,300.0,1,25.0,Net Banking,1.0,5.0,0,Delivered
CUST1145,38.0,Female,Pune,2024-01-26,2024-10-22,Home & Kitchen,200.0,1,10.0,UPI,6.0,4.5,0,Delivered
CUST1008,36.0,Male,delhi,2024-09-12,2024-10-19,Clothing,300.0,5,10.0,Debit Card,6.0,4.5,0,Delivered
CUST1195,37.0,male,Chennai,2024-10-17,2024-12-24,Electronics,590.82,1,10.0,Net Banking,4.0,5.0,0,Delivered
CUST1054,39.0,Female,Ahmedabad,2024-06-13,2025-04-02,Electronics,321.71,4,25.0,UPI,3.0,4.7,0,Delivered
CUST1197,27.0,Male,Bengaluru,2025-03-18,2026-02-04,Electronics,375.62,2,0.0,Cash on Delivery,2.0,5.0,0,Delivered
CUST1210,28.0,Female,Pune,2025-03-29,2025-08-30,Home & Kitchen,200.0,2,5.0,Net Banking,,4.0,0,Delivered
CUST1200,19.0,F,Chennai,2025-02-15,2026-01-01,Electronics,905.47,1,25.0,Cash on Delivery,4.0,4.8,0,Delivered
CUST1222,31.0,Female,Delhi,2025-05-07,2025-12-27,Books,219.52,2,0.0,Net Banking,1.0,5.0,0,Delivered
CUST1174,50.0,Female,Chennai,2024-08-18,2025-06-13,Clothing,328.51,1,25.0,Credit Card,,3.7,0,Delivered
CUST1128,27.0,Female,Jaipur,2024-06-24,2024-10-27,Grocery,116.0,3,25.0,Cash on Delivery,7.0,4.2,0,Delivered
CUST1051,23.0,Male,Mumbai,2025-02-08,2025-12-30,Beauty,150.0,1,15.0,Net Banking,1.0,4.9,0,Delivered
CUST1015,38.0,Male,Chennai,2024-08-01,2025-02-24,Grocery,50.0,1,5.0,Credit Card,5.0,5.0,0,Delivered
CUST1084,33.0,Male,mumbai,2024-11-04,2025-08-20,Home & Kitchen,200.0,3,10.0,Net Banking,6.0,2.8,0,Delivered
CUST1096,18.0,Female,Delhi,2024-04-05,2024-11-12,Grocery,207.45,2,25.0,,6.0,,0,Delivered
CUST1153,40.0,Female,Kolkata,2025-04-11,2026-04-07,Beauty,173.27,1,0.0,,4.0,3.1,0,Delivered
CUST1097,38.0,Female,Delhi,2024-01-06,2024-04-23,Home & Kitchen,200.0,1,25.0,Net Banking,5.0,4.1,0,Delivered
CUST1245,39.0,Male,Mumbai,2024-01-15,2024-03-07,Clothing,300.0,2,30.0,Debit Card,4.0,4.9,0,Delivered
CUST1071,25.0,Female,Patna,2024-08-02,2025-02-28,Electronics,333.05,3,30.0,UPI,9.0,3.2,0,Delivered
CUST1001,18.0,Male,Delhi,2024-02-02,2024-10-18,Home & Kitchen,200.0,1,10.0,Credit Card,2.0,5.0,0,Delivered
CUST1134,18.0,Female,,2024-10-13,2024-10-17,Electronics,722.91,1,5.0,,3.0,4.6,0,Delivered
CUST1206,43.0,M,Mumbai,2024-09-28,2024-12-19,beauty,581.1,1,5.0,Cash on Delivery,3.0,4.3,0,Cancelled
CUST1225,20.0,Female,Chennai,2024-12-12,2025-10-08,Electronics,447.98,2,5.0,Debit Card,4.0,3.4,1,Returned
CUST1129,31.0,Female,Delhi,2025-02-19,2025-08-13,Electronics,300.0,1,15.0,Credit Card,8.0,3.1,1,Returned
CUST1086,22.0,Female,Chennai,2024-07-08,2024-11-09,Home & Kitchen,200.0,3,5.0,Net Banking,3.0,5.0,1,Returned
CUST1043,18.0,Female,Chennai,2024-09-22,2024-12-25,Grocery,633.69,3,0.0,Debit Card,3.0,5.0,0,Delivered
CUST1058,32.0,Female,Chennai,2024-02-15,2024-11-18,Home & Kitchen,200.0,5,30.0,Cash on Delivery,6.0,5.0,0,Delivered
CUST1092,18.0,Female,Kolkata,2024-09-15,2025-07-17,Beauty,150.0,2,0.0,Cash on Delivery,8.0,,0,Delivered
CUST1176,29.0,Female,Hyderabad,2025-01-09,2025-01-30,Clothing,300.0,3,20.0,Debit Card,4.0,0.0,0,Delivered
CUST1099,34.0,Male,Ahmedabad,2024-09-05,2025-02-03,Electronics,563.07,1,10.0,Credit Card,3.0,3.8,1,Returned
CUST1177,19.0,Male,Hyderabad,2025-02-19,2025-09-21,Home & Kitchen,245.48,2,5.0,Cash on Delivery,6.0,3.8,0,Delivered
CUST1073,25.0,Male,Mumbai,2024-12-05,2025-03-06,Clothing,300.0,4,10.0,Credit Card,4.0,3.8,1,Returned
CUST1221,30.0,Female,Delhi,2024-07-06,2025-03-16,Home & Kitchen,349.45,4,0.0,Credit Card,5.0,3.9,0,Delivered
CUST1069,51.0,Male,Bengaluru,2024-02-05,2024-08-19,Electronics,1480.5,3,10.0,Net Banking,3.0,4.5,0,Delivered
CUST1222,37.0,Female,Hyderabad,2025-01-05,2025-12-14,Grocery,153.68,3,10.0,Cash on Delivery,5.0,,0,Delivered
CUST1029,28.0,Female,Bengaluru,2024-06-22,2024-11-20,Books,100.0,1,5.0,Net Banking,2.0,4.2,1,Returned
CUST1215,28.0,Female,Pune,2024-09-22,2025-01-19,Electronics,845.91,5,0.0,Debit Card,4.0,4.4,0,Delivered
CUST1224,37.0,Male,Kolkata,2024-04-25,2024-10-04,Electronics,300.0,1,,Debit Card,2.0,5.0,0,Delivered
CUST1247,35.0,Male,Bengaluru,2024-12-29,2025-04-26,Grocery,112.62,3,5.0,Debit Card,3.0,4.2,0,Delivered
CUST1161,31.0,male,jaipur,2024-01-27,2024-04-07,beauty,150.0,5,,Credit Card,5.0,3.9,0,Delivered
CUST1003,48.0,Female,Bengaluru,2024-04-16,2024-08-27,Books,100.0,2,10.0,Net Banking,2.0,4.6,0,Cancelled
CUST1220,44.0,Female,Hyderabad,2024-06-11,2025-05-19,home & kitchen,276.19,4,0.0,Credit Card,9.0,3.6,0,Delivered
CUST1191,42.0,Female,Mumbai,2025-05-06,2025-07-13,Grocery,72.65,1,5.0,Debit Card,7.0,3.8,0,Delivered
CUST1091,34.0,Female,Jaipur,2024-09-02,2024-11-30,Home & Kitchen,418.91,1,20.0,Debit Card,2.0,5.0,0,Delivered
CUST1244,26.0,Female,Kolkata,2024-10-05,2025-01-01,Home & Kitchen,465.77,1,5.0,Net Banking,4.0,,0,Delivered
CUST1034,33.0,Male,Chennai,2025-01-10,2025-04-15,clothing,369.7,3,20.0,Cash on Delivery,8.0,,0,Delivered
CUST1131,39.0,Female,Hyderabad,2024-04-02,2025-03-06,Electronics,300.0,3,15.0,Cash on Delivery,6.0,5.0,0,Delivered
CUST1149,34.0,Male,Bengaluru,2024-04-19,2024-11-07,Home & Kitchen,304.32,2,30.0,Debit Card,5.0,5.0,0,Delivered
CUST1146,,Male,Pune,2024-11-13,2025-09-23,Books,197.2,1,10.0,Net Banking,2.0,,0,Delivered
CUST1237,36.0,Male,Delhi,2024-06-12,2025-06-03,clothing,300.0,1,30.0,Net Banking,1.0,7.0,0,Delivered
CUST1064,18.0,Female,Chennai,2024-05-21,2024-12-09,Clothing,434.24,2,10.0,Debit Card,5.0,3.7,0,Delivered
CUST1126,18.0,Male,Pune,2024-04-07,2024-05-07,Grocery,94.15,3,30.0,Debit Card,6.0,3.3,0,Delivered
CUST1129,36.0,Female,Chennai,2024-08-02,2025-05-18,Electronics,503.49,1,5.0,Debit Card,3.0,5.0,0,Delivered
CUST1152,37.0,Female,Pune,2024-02-22,2024-06-06,Beauty,217.78,5,10.0,Net Banking,3.0,5.0,1,Returned
CUST1184,18.0,Female,Bengaluru,2025-01-11,2025-10-26,Clothing,300.0,2,20.0,Debit Card,3.0,3.8,0,Delivered
CUST1091,23.0,Male,Chennai,2024-12-14,2025-12-12,Clothing,300.0,2,15.0,Cash on Delivery,3.0,4.2,0,Delivered
CUST1190,-1.0,Male,Delhi,2024-11-06,2025-03-22,Books,100.0,4,10.0,Net Banking,1.0,,0,Delivered
CUST1191,34.0,Male,Mumbai,2024-02-04,2024-10-06,Books,100.0,2,30.0,Credit Card,4.0,4.5,0,Delivered
CUST1207,41.0,Male,Kolkata,2025-02-25,2025-10-24,Electronics,300.0,1,0.0,Debit Card,7.0,4.0,0,Delivered
CUST1062,32.0,Male,Hyderabad,2024-09-03,2025-02-12,Books,100.0,2,15.0,Net Banking,6.0,4.1,0,Delivered
CUST1153,34.0,Female,Pune,2024-03-05,2024-08-28,Grocery,45000.0,1,15.0,Debit Card,1.0,4.4,0,Delivered
CUST1172,23.0,Female,Patna,2024-03-17,2024-10-06,Grocery,50.0,2,10.0,UPI,3.0,4.0,0,Delivered
CUST1062,,Male,Mumbai,2024-09-25,2025-06-18,Home & Kitchen,200.0,3,30.0,Cash on Delivery,3.0,4.0,0,Delivered
CUST1139,18.0,Female,Patna,2024-03-16,2024-12-22,Electronics,978.42,1,10.0,Debit Card,4.0,,0,Delivered
CUST1240,21.0,Male,Kolkata,2025-04-15,2026-01-02,Clothing,300.0,4,15.0,Credit Card,3.0,4.2,0,Delivered
CUST1096,27.0,Male,Patna,2025-02-21,2025-10-29,Clothing,580.19,1,15.0,Credit Card,3.0,4.4,0,Delivered
CUST1041,31.0,Female,Patna,2024-07-08,2024-11-12,Electronics,300.0,3,25.0,UPI,4.0,3.8,0,Delivered
CUST1085,42.0,Female,Ahmedabad,2024-05-31,2024-08-12,Grocery,108.9,2,0.0,Cash on Delivery,3.0,4.4,0,Delivered
CUST1173,36.0,Female,Ahmedabad,2024-03-31,2024-06-20,Grocery,50.0,2,,Credit Card,3.0,4.3,0,Delivered
CUST1140,30.0,Female,Delhi,2024-02-18,2024-11-20,Beauty,194.86,4,20.0,Net Banking,4.0,4.6,0,Delivered
CUST1189,27.0,Male,Mumbai,2025-02-21,2025-06-13,Beauty,150.0,2,30.0,Credit Card,5.0,4.4,0,Delivered
CUST1131,28.0,Male,Jaipur,2025-03-18,2026-01-16,Beauty,150.0,2,0.0,Debit Card,4.0,4.9,0,Delivered
CUST1103,,,Bengaluru,2025-04-11,2025-09-19,Grocery,190.63,2,0.0,Debit Card,6.0,4.9,1,Returned
CUST1018,47.0,Female,delhi,2024-01-15,2024-07-24,Clothing,300.0,1,25.0,Cash on Delivery,4.0,4.4,0,Delivered
CUST1031,29.0,Male,Chennai,2024-10-19,2025-05-16,Beauty,295.82,3,5.0,Debit Card,1.0,4.4,0,Delivered
CUST1029,44.0,Male,Hyderabad,2024-02-21,2024-04-20,Books,100.62,1,30.0,Debit Card,5.0,4.0,0,Delivered
CUST1041,37.0,,Kolkata,2024-04-20,2024-05-03,Beauty,150.0,5,25.0,Debit Card,6.0,3.0,0,Delivered
CUST1115,52.0,Female,Patna,2024-02-04,2024-06-14,Home & Kitchen,345.62,5,30.0,Net Banking,2.0,5.0,0,Delivered
CUST1028,36.0,Female,Kolkata,2024-09-04,2025-07-02,Clothing,440.16,3,25.0,Debit Card,3.0,5.0,0,Cancelled
CUST1044,39.0,Female,Ahmedabad,2024-08-06,2025-02-06,Beauty,205.65,2,15.0,Credit Card,7.0,3.9,0,Delivered
CUST1031,39.0,Male,Mumbai,2024-08-29,2024-12-19,Books,100.0,3,20.0,Debit Card,9.0,3.6,1,Returned
CUST1024,40.0,Male,Pune,2024-07-27,2025-04-03,Books,100.0,1,15.0,Cash on Delivery,4.0,4.2,0,Delivered
CUST1229,-1.0,Female,Ahmedabad,2025-03-15,2026-01-27,Clothing,300.0,3,30.0,Debit Card,9.0,3.1,1,Returned
CUST1223,36.0,Female,Mumbai,2024-12-27,2025-12-06,electronics,300.0,1,0.0,Debit Card,6.0,3.7,0,Delivered
CUST1139,21.0,Male,Jaipur,2024-05-15,2025-03-20,Clothing,401.03,2,10.0,Net Banking,6.0,4.3,0,Delivered
CUST1221,18.0,Female,Chennai,2025-05-11,2025-12-15,Books,100.0,4,30.0,Cash on Delivery,5.0,4.6,0,Cancelled
CUST1181,37.0,Female,Chennai,2025-01-17,2025-12-28,Home & Kitchen,200.0,4,5.0,UPI,5.0,3.8,1,Returned
CUST1012,24.0,Male,Hyderabad,2025-01-07,2025-07-02,Books,100.0,1,,UPI,5.0,4.0,0,Delivered
CUST1020,63.0,Male,Patna,2025-03-10,2025-06-13,Home & Kitchen,255.06,1,10.0,Debit Card,4.0,4.2,0,Delivered
CUST1026,53.0,Male,Jaipur,2024-04-01,2024-05-01,Electronics,300.0,2,20.0,,3.0,5.0,0,Delivered
CUST1130,36.0,Male,Bengaluru,2025-01-21,2025-07-22,Electronics,300.0,2,30.0,Cash on Delivery,1.0,5.0,0,Delivered
CUST1188,41.0,Female,Ahmedabad,2024-06-26,2025-04-14,Grocery,62.29,3,5.0,Cash on Delivery,1.0,5.0,0,Delivered
CUST1091,24.0,Male,Hyderabad,2024-01-19,2024-04-27,Grocery,187.1,-1,25.0,UPI,3.0,4.8,0,Delivered
CUST1168,32.0,Female,Delhi,2024-10-09,2025-09-09,Clothing,300.0,3,30.0,Debit Card,5.0,4.0,0,Delivered
CUST1079,27.0,Female,Mumbai,2024-07-03,2025-01-23,Electronics,300.0,2,20.0,UPI,3.0,4.7,0,Delivered
CUST1173,41.0,Female,Ahmedabad,2024-06-06,2024-10-17,Books,100.0,1,30.0,Cash on Delivery,5.0,4.0,0,Cancelled
CUST1039,40.0,Male,Pune,2024-12-25,2025-11-15,Books,186.69,1,20.0,Cash on Delivery,3.0,-1.0,0,Delivered
CUST1123,27.0,Male,Pune,2024-12-19,2025-04-06,Grocery,204.2,1,5.0,Net Banking,4.0,4.2,0,Delivered
CUST1140,18.0,Female,Jaipur,2024-02-10,2025-01-29,Books,100.0,4,30.0,Debit Card,3.0,3.9,0,Delivered
CUST1015,32.0,Male,Kolkata,2024-11-15,2025-09-18,Home & Kitchen,200.0,2,10.0,Debit Card,6.0,4.1,0,Delivered
CUST1017,18.0,Female,Pune,2024-05-18,2024-12-14,Grocery,50.66,4,10.0,Cash on Delivery,3.0,4.4,0,Delivered
CUST1072,,Male,Ahmedabad,2024-05-14,2024-06-24,Electronics,677.07,2,0.0,UPI,6.0,4.4,0,Delivered
CUST1106,49.0,Female,Chennai,2024-09-10,2025-01-01,Books,100.0,2,30.0,UPI,2.0,4.1,0,Delivered
CUST1209,20.0,Female,Kolkata,2024-08-01,2024-11-16,Books,100.0,2,15.0,UPI,4.0,,1,Returned
CUST1165,20.0,Female,Patna,2025-04-16,2026-02-14,Grocery,148.73,1,10.0,Cash on Delivery,4.0,4.7,0,Delivered
CUST1036,21.0,Male,Kolkata,2024-03-06,2025-03-01,Home & Kitchen,200.0,2,5.0,Cash on Delivery,4.0,4.9,0,Delivered
CUST1035,21.0,Female,Mumbai,2024-11-03,2025-07-12,electronics,300.0,5,30.0,Cash on Delivery,5.0,3.8,0,Delivered
CUST1131,39.0,Female,Kolkata,2024-06-30,2024-07-23,Clothing,300.0,2,10.0,Credit Card,7.0,3.6,0,Delivered
CUST1096,43.0,Male,Patna,2024-01-18,2024-11-06,Beauty,338.03,1,25.0,UPI,5.0,,0,Delivered
CUST1183,34.0,Female,Chennai,2024-03-20,2024-09-20,Grocery,140.27,4,15.0,Debit Card,4.0,5.0,0,Delivered
CUST1112,18.0,Male,Mumbai,2024-08-16,2025-07-22,Electronic,300.0,3,5.0,Cash on Delivery,4.0,4.5,0,Delivered
CUST1022,33.0,Male,Chennai,2024-08-29,2025-07-18,Beauty,199.66,1,30.0,Credit Card,3.0,4.8,0,Delivered
CUST1152,33.0,Female,Jaipur,2024-10-09,2025-05-07,Home & Kitchen,200.0,2,10.0,Debit Card,2.0,5.0,0,Delivered
CUST1172,29.0,Female,Ahmedabad,2024-08-20,2024-09-25,Beauty,247.26,5,15.0,Net Banking,5.0,7.0,0,Delivered
CUST1049,36.0,Female,Mumbai,2025-03-09,2026-02-05,books,156.94,2,30.0,Credit Card,5.0,4.2,0,Cancelled
CUST1178,23.0,Female,Jaipur,2024-03-16,2024-07-09,Clothing,507.12,2,5.0,Debit Card,1.0,5.0,0,Delivered
CUST1168,27.0,Female,Kolkata,2024-06-13,2025-05-17,Grocery,117.64,5,30.0,Debit Card,5.0,4.2,0,Delivered
CUST1046,53.0,Male,Patna,2024-01-02,2024-01-11,Beauty,150.0,1,15.0,Credit Card,7.0,3.8,0,Delivered
CUST1038,28.0,Male,Bengaluru,2025-03-04,2025-03-23,Books,100.0,1,25.0,Debit Card,4.0,5.0,0,Delivered
CUST1242,39.0,Male,Mumbai,2024-04-20,2024-10-23,Books,113.56,2,25.0,Net Banking,6.0,5.0,0,Delivered
CUST1050,50.0,Female,Chennai,2024-07-15,2024-08-30,Clothing,300.0,4,10.0,Net Banking,3.0,4.9,0,Delivered
CUST1177,32.0,Male,Pune,2024-11-02,2025-07-05,Grocery,102.61,1,20.0,UPI,4.0,4.8,0,Delivered
CUST1210,35.0,Female,Patna,2025-04-16,2025-09-05,Electronics,979.17,5,25.0,,6.0,3.9,0,Delivered
CUST1087,26.0,Female,Jaipur ,2025-05-07,2025-08-30,Beauty,341.83,2,25.0,Credit Card,7.0,3.3,0,Delivered
CUST1191,39.0,Male,Pune,2024-03-27,2024-04-16,Books,100.0,4,10.0,Net Banking,5.0,4.1,0,Delivered
CUST1110,29.0,Female,Hyderabad,2024-12-30,2025-02-25,Books,100.0,3,10.0,Cash on Delivery,4.0,4.6,0,Delivered
CUST1062,32.0,Male,Pune,2024-03-06,2024-12-16,Beauty,150.0,4,10.0,Debit Card,2.0,4.7,0,Delivered
CUST1178,31.0,Male,Jaipur,2024-06-17,2025-04-01,Electronics,300.0,1,15.0,,2.0,5.0,0,Delivered
CUST1146,51.0,female,Patna,2025-01-18,2025-11-13,Electronics,401.18,4,25.0,Credit Card,6.0,4.0,0,Delivered
CUST1068,18.0,Female,Ahmedabad,2024-03-29,2024-12-27,Clothing,414.6,1,25.0,UPI,4.0,4.0,0,Delivered
CUST1228,56.0,Female,Pune,2025-04-08,2026-03-08,Home & Kitchen,200.0,3,0.0,Cash on Delivery,4.0,4.5,0,Delivered
CUST1215,18.0,Female,Pune,2025-01-17,2025-08-18,Electronics,300.0,1,15.0,Net Banking,1.0,4.3,0,Delivered
CUST1178,25.0,Male,Jaipur,2024-11-22,2025-02-15,Home & Kitchen,625.68,4,0.0,Net Banking,2.0,4.9,0,Delivered
CUST1221,24.0,Male,Chennai,2024-07-24,2025-06-08,Clothing,300.0,5,10.0,Cash on Delivery,2.0,5.0,0,Cancelled
CUST1045,25.0,Male,Delhi,2024-02-16,2024-06-15,Grocery,82.57,3,25.0,Net Banking,2.0,4.9,0,Cancelled
CUST1112,39.0,Female,Patna,2024-11-09,2025-06-05,Grocery,154.78,1,15.0,Debit Card,5.0,3.7,0,Delivered
CUST1139,43.0,Male,Jaipur,2024-11-28,2025-07-09,books,129.77,2,10.0,Credit Card,5.0,3.2,0,Delivered
CUST1029,,,Pune,2025-02-21,2025-12-27,Electronics,474.81,4,5.0,Cash on Delivery,4.0,4.3,0,Delivered
CUST1147,28.0,Female,Mumbai,2024-12-25,2025-01-27,Books,100.0,1,15.0,Net Banking,7.0,,1,Returned
CUST1168,,Female,Ahmedabad,2024-06-24,2025-03-26,Beauty,209.64,4,10.0,UPI,5.0,5.0,0,Delivered
CUST1070,18.0,Female,Bengaluru,2024-04-11,2024-06-24,Grocery,241.9,1,20.0,Debit Card,3.0,5.0,0,Delivered
CUST1116,20.0,Female,Delhi,2024-01-10,2024-03-29,Electronic,330.89,5,30.0,Debit Card,5.0,3.5,0,Delivered
CUST1006,29.0,Female,Ahmedabad,2024-11-18,2025-03-03,Beauty,150.0,1,10.0,Cash on Delivery,7.0,3.5,0,Delivered
CUST1054,30.0,Male,Kolkata,2024-08-16,2025-06-28,Books,100.0,3,30.0,Cash on Delivery,2.0,5.0,0,Delivered
CUST1176,36.0,Female,Mumbai,2024-05-30,2025-03-02,Books,344.61,2,10.0,Cash on Delivery,4.0,4.4,0,Delivered
CUST1222,31.0,Female,bengaluru,2024-02-03,2024-04-21,Grocery,109.6,2,20.0,Debit Card,5.0,2.9,0,Delivered
CUST1127,36.0,Male,Ahmedabad,2024-03-28,2024-10-17,Grocery,114.61,5,,UPI,7.0,4.2,0,Delivered
CUST1008,39.0,Female,Kolkata,2024-10-22,2024-10-24,Grocery,175.96,1,5.0,Credit Card,1.0,4.8,0,Delivered
CUST1130,18.0,Male,Ahmedabad,2024-10-05,2025-09-06,Books,106.46,2,0.0,Net Banking,4.0,4.8,0,Delivered
CUST1055,37.0,Male,Pune,2024-12-29,2025-05-27,Grocery,137.66,5,5.0,Credit Card,,5.0,0,Delivered
CUST1052,30.0,Male,Kolkata,2024-12-14,2025-02-14,Electronics,300.0,3,15.0,Net Banking,4.0,4.2,1,Returned
CUST1205,44.0,Male,Pune,2025-02-22,2025-11-28,Grocery,135.11,5,0.0,UPI,3.0,4.8,0,Delivered
CUST1023,28.0,Female,Hyderabad,2024-11-06,2025-01-12,Clothing,300.0,4,30.0,Debit Card,5.0,3.9,1,Returned
CUST1193,48.0,male,Chennai,2025-04-23,2025-09-16,Books,138.82,1,10.0,Net Banking,2.0,5.0,0,Delivered
CUST1219,22.0,Male,Chennai,2025-01-05,2025-11-20,Electronics,307.69,5,25.0,Cash on Delivery,4.0,5.0,1,Returned
CUST1115,42.0,Female,Delhi,2024-10-11,2025-02-23,Beauty,159.89,2,0.0,Credit Card,4.0,3.7,0,Cancelled
CUST1160,36.0,Male,Kolkata,2024-05-17,2025-04-27,Electronics,300.0,5,25.0,Cash on Delivery,4.0,5.0,0,Delivered
CUST1070,20.0,Male,mumbai,2024-09-14,2024-11-17,Clothing,300.0,1,5.0,Debit Card,8.0,3.1,0,Delivered
CUST1101,37.0,Male,Jaipur,2024-01-11,2024-06-01,Books,134.95,5,10.0,Net Banking,5.0,3.8,0,Delivered
CUST1022,18.0,Female,Hyderabad,2024-03-25,2024-05-18,Books,100.0,1,30.0,Cash on Delivery,4.0,4.6,0,Cancelled
CUST1083,27.0,Male,Mumbai,2024-01-25,2024-12-14,Electronics,682.14,4,30.0,Debit Card,5.0,3.9,0,Delivered
CUST1081,30.0,Female,Delhi,2024-06-19,2025-05-21,Home & Kitchen,200.0,2,15.0,Cash on Delivery,5.0,3.4,0,Delivered
CUST1033,26.0,Male,Mumbai,2025-01-01,2025-01-07,Home & Kitchen,200.0,5,30.0,,3.0,4.5,0,Delivered
CUST1083,22.0,Female,Bengaluru,2024-05-17,2024-08-26,Electronics,300.0,3,0.0,Net Banking,3.0,3.7,0,Delivered
CUST1164,18.0,Male,Bengaluru,2025-01-05,2025-07-09,Clothing,300.0,3,15.0,Credit Card,5.0,3.5,0,Delivered
CUST1193,30.0,Male,Chennai,2024-06-12,2025-01-30,Electronics,300.0,4,10.0,Debit Card,9.0,4.1,0,Delivered
CUST1194,49.0,Female,Patna,2024-11-05,2024-11-30,Clothing,300.0,2,20.0,Debit Card,4.0,4.5,0,Delivered
CUST1032,46.0,Female,,2024-07-09,2025-06-22,Home & Kitchen,200.0,1,15.0,UPI,5.0,4.6,0,Delivered
CUST1116,18.0,Female,Hyderabad,2024-09-29,2025-01-14,Beauty,150.0,1,5.0,Debit Card,6.0,4.9,0,Delivered
CUST1073,18.0,Female,Pune,2024-11-23,2025-04-18,Home & Kitchen,392.48,4,20.0,Cash on Delivery,6.0,4.6,0,Cancelled
CUST1075,18.0,female,Chennai,2024-03-10,2024-12-31,Home & Kitchen,200.0,4,30.0,UPI,3.0,4.8,0,Delivered
CUST1036,35.0,female,Pune,2024-04-04,2025-02-23,Electronics,331.16,1,30.0,Net Banking,8.0,2.9,0,Delivered
CUST1171,20.0,Male,Delhi,2024-08-08,2025-03-08,Beauty,229.24,2,30.0,UPI,4.0,4.9,1,Returned
CUST1112,33.0,Male,Bengaluru,2024-05-29,2025-01-29,Grocery,339.14,1,20.0,Cash on Delivery,3.0,4.9,0,Delivered
CUST1200,23.0,Female,Bengaluru,2024-06-30,2025-05-02,Beauty,150.0,1,10.0,Net Banking,4.0,4.2,0,Delivered
CUST1178,,Female,Delhi,2024-12-31,2025-07-05,Clothing,810.9,5,30.0,Cash on Delivery,3.0,5.0,0,Delivered
CUST1150,28.0,Male,Bengaluru,2024-05-23,2024-08-06,Electronics,300.0,1,15.0,Net Banking,4.0,4.8,0,Delivered
CUST1199,19.0,male,Pune,2024-12-04,2025-08-26,Books,100.0,2,15.0,Cash on Delivery,3.0,4.6,0,Delivered
CUST1047,44.0,Male,Mumbai,2024-09-17,2025-02-20,Books,100.0,4,10.0,Credit Card,6.0,4.8,0,Delivered
CUST1036,37.0,Male,Kolkata,2025-05-08,2025-09-26,Beauty,332.13,2,10.0,Net Banking,2.0,3.9,0,Delivered
CUST1019,35.0,Male,Patna,2024-01-03,2024-08-25,Beauty,297.86,4,20.0,UPI,5.0,3.9,0,Delivered
CUST1100,41.0,Male,Mumbai,2024-06-10,2025-01-11,Grocery,306.97,5,25.0,UPI,5.0,3.9,0,Delivered
CUST1032,34.0,Female,Delhi,2024-11-30,2025-01-09,Home & Kitchen,239.98,4,25.0,Cash on Delivery,6.0,3.0,0,Delivered
CUST1200,48.0,Female,Pune,2024-06-01,2025-04-29,Books,196.63,4,15.0,UPI,5.0,4.4,1,Returned
CUST1123,28.0,Male,Jaipur,2024-11-16,2025-05-25,Home & Kitchen,238.28,1,10.0,Credit Card,,4.2,0,Delivered
CUST1008,23.0,Male,Ahmedabad,2025-03-28,2026-02-23,Electronics,335.89,2,,Debit Card,3.0,5.0,0,Delivered
CUST1118,38.0,Female,Bengaluru,2024-06-03,2025-02-02,Home & Kitchen,200.0,4,30.0,Credit Card,5.0,4.0,0,Delivered
CUST1183,26.0,Male,Mumbai,2024-09-02,2025-04-19,Clothing,300.0,4,15.0,Cash on Delivery,3.0,4.9,0,Delivered
CUST1085,44.0,Male,bengaluru,2025-04-29,2026-01-25,Grocery,78.33,1,5.0,Net Banking,2.0,5.0,0,Cancelled
CUST1214,47.0,Female,Kolkata,2025-01-03,2025-08-26,Grocery,145.82,1,5.0,Net Banking,2.0,3.9,0,Delivered
CUST1014,26.0,Female,Kolkata,2024-11-27,2025-11-11,Books,100.0,1,,UPI,8.0,,0,Delivered
CUST1232,20.0,Female,Bengaluru,2025-03-06,2025-11-23,Clothing,329.88,1,25.0,UPI,1.0,4.9,0,Delivered
CUST1167,29.0,Female,Chennai,2025-01-27,2025-06-04,Books,182.79,1,20.0,Net Banking,4.0,4.6,0,Delivered
CUST1216,,Female,Mumbai,2025-01-13,2025-02-16,Books,159.24,1,5.0,UPI,4.0,3.9,0,Delivered
CUST1245,18.0,Male,Patna,2025-01-29,2026-01-04,Clothing,300.0,2,25.0,Credit Card,5.0,3.8,0,Delivered
CUST1173,34.0,Male,Patna,2024-01-06,2024-10-19,Beauty,150.0,1,5.0,Credit Card,5.0,3.3,0,Delivered
CUST1088,53.0,Female,Chennai,2024-03-06,2024-05-23,Electronics,308.48,3,10.0,Net Banking,1.0,5.0,0,Delivered
CUST1173,24.0,Female,Ahmedabad,2024-06-10,2025-01-29,Clothing,379.59,2,30.0,Credit Card,2.0,4.8,0,Delivered
CUST1097,49.0,Female,Ahmedabad,2024-10-12,2025-01-07,Clothing,547.67,1,30.0,UPI,5.0,2.7,0,Delivered
CUST1094,45.0,Male,Bengaluru,2024-07-05,2024-09-26,Electronics,682.99,5,5.0,UPI,4.0,5.0,1,Returned
CUST1126,34.0,Female,Bengaluru,2025-04-20,2026-01-09,Books,100.0,2,20.0,,8.0,4.0,0,Delivered
CUST1108,19.0,Female,Jaipur ,2024-08-08,2024-08-28,Home & Kitchen,330.39,-1,10.0,Credit Card,5.0,4.0,0,Delivered
CUST1150,48.0,Male,,2024-10-02,2025-03-07,Beauty,-100.0,1,10.0,UPI,,5.0,0,Delivered
CUST1234,22.0,Female,Ahmedabad,2024-08-13,2024-10-08,Home & Kitchen,229.84,2,30.0,UPI,4.0,4.1,0,Delivered
CUST1050,32.0,Male,Delhi,2024-03-28,2024-05-10,books,100.0,2,20.0,Debit Card,9.0,4.3,0,Delivered
CUST1083,30.0,,Hyderabad,2024-08-24,2024-10-08,Books,141.66,1,30.0,Net Banking,2.0,4.7,0,Delivered
CUST1092,19.0,Male,Mumbai,2024-11-11,2025-05-07,Electronics,912.5,2,10.0,Debit Card,1.0,4.5,0,Cancelled
CUST1199,18.0,Male,Chennai,2024-05-28,2024-07-10,Beauty,465.35,1,5.0,UPI,5.0,3.4,0,Delivered
CUST1170,29.0,Male,Ahmedabad,2025-03-21,2025-05-10,Beauty,150.0,2,25.0,UPI,4.0,4.7,0,Delivered
CUST1120,31.0,Female,Mumbai,2024-01-19,2024-05-24,Electronics,300.0,2,15.0,Debit Card,4.0,4.1,0,Delivered
CUST1015,47.0,Male,Bengaluru,2024-02-09,2024-07-05,Grocery,128.47,1,10.0,Cash on Delivery,1.0,5.0,0,Delivered
CUST1037,32.0,Female,Jaipur,2025-03-02,2025-11-06,Clothing,1376.15,4,20.0,Cash on Delivery,4.0,4.6,0,Delivered
CUST1188,44.0,Female,Delhi,2025-01-29,2025-11-29,Clothing,300.0,1,20.0,Net Banking,4.0,5.0,0,Delivered
CUST1056,41.0,Male,Mumbai,2024-01-05,2024-05-03,Books,108.6,2,5.0,Net Banking,5.0,4.2,0,Delivered
CUST1161,22.0,Female,Mumbai,2025-04-19,2026-04-17,Home & Kitchen,251.38,2,10.0,Credit Card,6.0,4.7,0,Delivered
CUST1181,39.0,Female,Pune,2024-09-22,2025-08-15,Books,134.75,2,0.0,UPI,7.0,3.4,0,Delivered
CUST1073,32.0,female,Chennai,2025-01-10,2025-02-25,Electronics,300.0,1,10.0,UPI,1.0,4.9,0,Delivered
CUST1090,37.0,Female,Bengaluru,2024-05-08,2024-07-04,Beauty,274.97,1,0.0,UPI,1.0,4.8,0,Delivered
CUST1245,26.0,Male,Jaipur,2024-11-15,2025-01-02,Grocery,50.0,2,5.0,Credit Card,4.0,4.7,0,Cancelled
CUST1111,35.0,Male,Hyderabad,2024-06-14,2024-10-19,Electronics,300.0,2,20.0,UPI,4.0,5.0,0,Delivered
CUST1032,20.0,Female,Hyderabad,2024-02-25,2024-03-30,Books,209.69,5,20.0,,4.0,3.9,0,Delivered
CUST1215,22.0,Male,Pune,2024-03-08,2025-03-04,Home & Kitchen,200.0,2,0.0,Cash on Delivery,4.0,5.0,1,Returned
CUST1229,27.0,Male,Hyderabad,2024-07-14,2024-10-07,books,131.19,1,5.0,Net Banking,7.0,3.9,0,Delivered
CUST1108,30.0,Male,Patna,2024-01-25,2024-07-22,Home & Kitchen,248.99,3,15.0,Net Banking,4.0,4.9,0,Delivered
CUST1031,33.0,Male,Mumbai,2025-04-09,2025-08-25,Books,100.0,5,5.0,Credit Card,1.0,4.8,0,Delivered
CUST1182,27.0,Male,Chennai,2025-03-13,2025-05-06,Home & Kitchen,389.41,1,30.0,UPI,1.0,5.0,0,Delivered
CUST1003,30.0,Male,Mumbai,2025-02-25,2025-08-29,Home & Kitchen,200.0,1,10.0,Debit Card,5.0,5.0,0,Delivered
CUST1117,29.0,Female,Pune,2025-03-12,2025-11-18,Home & Kitchen,322.5,4,5.0,Debit Card,4.0,4.7,0,Delivered
CUST1101,32.0,Female,Mumbai,2025-03-08,2025-04-24,Beauty,150.0,5,0.0,UPI,3.0,4.8,0,Delivered
CUST1005,38.0,Male,Delhi,2024-06-17,2024-12-14,Beauty,150.0,3,5.0,Debit Card,4.0,5.0,0,Delivered
CUST1039,34.0,Male,Kolkata,2025-04-24,2025-06-09,Beauty,150.0,5,25.0,Credit Card,2.0,3.6,0,Delivered
CUST1195,23.0,Female,Kolkata,2025-03-03,2025-12-18,Clothing,375.22,1,15.0,Debit Card,7.0,3.8,0,Delivered
CUST1104,24.0,,Delhi,2024-12-01,2025-06-21,Electronics,401.97,5,15.0,Cash on Delivery,6.0,4.2,0,Delivered
CUST1146,34.0,,Jaipur,2024-10-30,2025-07-27,Beauty,278.07,5,20.0,Net Banking,2.0,3.8,0,Delivered
CUST1078,35.0,Male,Chennai,2024-05-29,2024-07-03,Books,124.34,2,10.0,Credit Card,6.0,4.6,0,Delivered
CUST1113,44.0,Female,Patna,2025-04-05,2025-07-26,Beauty,150.0,2,10.0,Credit Card,4.0,5.0,0,Delivered
CUST1115,25.0,Female,Delhi,2024-10-22,2024-11-01,Clothing,300.0,5,10.0,Debit Card,2.0,5.0,0,Delivered
CUST1139,21.0,Male,Jaipur,2024-05-15,2025-03-20,Clothing,401.03,2,10.0,Net Banking,6.0,4.3,0,Delivered
CUST1118,34.0,Female,Mumbai,2025-04-12,2025-12-09,Electronics,300.0,1,10.0,Credit Card,2.0,5.0,0,Delivered
CUST1004,48.0,Male,Bengaluru,2024-10-27,2025-07-04,Clothes,642.36,1,15.0,Net Banking,4.0,4.1,0,Cancelled
CUST1209,36.0,Male,Chennai,2024-10-09,2025-04-07,Home & Kitchen,202.77,1,10.0,Net Banking,1.0,4.1,0,Delivered
CUST1159,24.0,FEMALE,Patna,2025-01-26,2025-08-28,Beauty,150.0,3,30.0,Debit Card,6.0,4.0,0,Delivered
CUST1132,53.0,Female,Mumbai,2025-04-01,2025-10-06,Home & Kitchen,460.22,1,30.0,Cash on Delivery,6.0,3.8,0,Delivered
CUST1124,38.0,Female,Jaipur,2024-10-06,2025-05-14,Books,100.0,1,5.0,Debit Card,4.0,4.5,0,Cancelled
CUST1165,27.0,Female,Mumbai,2024-07-18,2025-03-07,Books,298.99,1,10.0,Credit Card,1.0,4.6,0,Delivered
CUST1160,23.0,Female,,2024-09-09,2025-01-08,Grocery,258.44,1,5.0,Credit Card,6.0,3.9,0,Delivered
CUST1211,18.0,Female,Bengaluru,2024-05-14,2024-07-07,Home & Kitchen,200.0,5,25.0,UPI,5.0,3.8,0,Delivered
CUST1090,32.0,Male,Bengaluru,2024-08-07,2024-08-15,Books,104.68,2,15.0,Credit Card,4.0,5.0,0,Delivered
CUST1002,32.0,Female,Jaipur,2024-10-21,2025-06-01,Beauty,367.07,2,20.0,Net Banking,5.0,3.1,0,Delivered
CUST1175,41.0,Male,Chennai,2024-12-05,2025-04-23,Grocery,84.74,4,10.0,Cash on Delivery,6.0,3.4,0,Delivered
CUST1230,50.0,Female,Mumbai,2024-12-30,2025-11-19,Beauty,150.0,3,30.0,UPI,4.0,4.8,0,Delivered
CUST1097,30.0,Male,Bengaluru,2024-10-30,2025-08-10,Books,273.73,1,5.0,Debit Card,4.0,4.9,0,Cancelled
CUST1078,33.0,Female,Chennai,2025-04-29,2025-04-29,Grocery,50.0,1,10.0,,2.0,5.0,0,Delivered
CUST1206,36.0,Male,Pune,2024-09-11,2025-09-04,Home & Kitchen,334.82,1,0.0,Net Banking,3.0,4.9,0,Delivered
CUST1121,30.0,Female,Mumbai,2024-03-15,2024-11-12,Electronics,0.0,4,25.0,Cash on Delivery,4.0,2.3,0,Delivered
CUST1038,23.0,Female,Delhi ,2024-04-30,2024-05-25,Books,128.96,3,0.0,Cash on Delivery,5.0,3.7,0,Delivered
CUST1072,44.0,female,Chennai,2024-10-13,2024-12-02,Grocery,160.11,2,20.0,Debit Card,2.0,4.8,0,Delivered
CUST1218,20.0,Male,Patna,2025-03-23,2025-11-19,Electronics,300.0,1,10.0,Net Banking,7.0,4.3,1,Returned
CUST1001,50.0,Male,Bengaluru,2024-01-06,2024-04-17,Beauty,241.8,1,25.0,Net Banking,5.0,4.9,0,Delivered
CUST1136,34.0,Male,Delhi,2025-03-14,2025-05-02,Home & Kitchen,263.33,3,20.0,Net Banking,5.0,3.7,0,Delivered
CUST1062,26.0,Female,Jaipur,2024-08-20,2025-05-11,Books,100.0,5,15.0,Net Banking,6.0,3.7,0,Delivered
CUST1128,28.0,Male,Delhi,2024-03-18,2025-01-25,Home & Kitchen,246.71,1,,Credit Card,4.0,5.0,0,Delivered
CUST1169,34.0,Male,Kolkata,2024-04-07,2024-10-21,Electronics,815.91,1,0.0,Net Banking,2.0,4.7,0,Delivered
CUST1235,36.0,,Ahmedabad,2024-04-24,2025-03-02,Home & Kitchen,485.85,1,10.0,Net Banking,6.0,4.6,0,Delivered
CUST1237,34.0,Female,Ahmedabad,2024-03-12,2024-08-13,Beauty,150.0,3,10.0,Net Banking,6.0,3.8,0,Delivered
CUST1042,37.0,Male,Hyderabad,2024-01-11,2025-01-03,home & kitchen,366.02,1,5.0,Credit Card,5.0,3.6,1,Returned
CUST1077,34.0,Female,Mumbai,2024-05-13,2025-01-18,Beauty,252.96,1,,Net Banking,3.0,3.9,0,Delivered
CUST1024,120.0,Female,Delhi,2024-06-20,2025-06-11,electronics,372.44,4,30.0,Debit Card,1.0,5.0,0,Delivered
CUST1242,41.0,Female,Ahmedabad,2024-05-21,2024-09-09,Beauty,208.98,1,25.0,Net Banking,4.0,3.7,0,Delivered
CUST1143,18.0,Male,Patna,2024-04-06,2025-02-06,grocery,50.0,1,25.0,Credit Card,4.0,5.0,1,Returned
CUST1063,27.0,F,Chennai,2024-09-12,2024-09-18,Electronics,759.56,1,10.0,Net Banking,1.0,5.0,0,Delivered
CUST1068,21.0,Male,Hyderabad,2024-04-10,2025-02-25,Clothing,300.0,4,5.0,Debit Card,2.0,5.0,0,Delivered
CUST1046,44.0,Female,Ahmedabad,2024-04-28,2024-05-14,Books,102.52,2,10.0,Credit Card,3.0,3.6,0,Delivered
CUST1216,18.0,Female,Hyderabad,2025-04-14,2026-02-26,Clothing,335.49,1,25.0,Debit Card,3.0,3.8,0,Delivered
CUST1164,29.0,Male,Mumbai,2024-01-11,2024-08-03,Home & Kitchen,200.0,4,25.0,Net Banking,2.0,4.3,0,Delivered
CUST1192,29.0,Female,Ahmedabad,2024-09-22,2025-01-08,Clothing,546.79,1,10.0,Credit Card,5.0,3.6,1,Returned
CUST1243,42.0,Female,Patna,2024-10-15,2025-07-02,Clothing,575.75,1,25.0,Credit Card,5.0,4.5,0,Delivered
CUST1090,30.0,Male,Pune,2024-12-16,2025-04-02,Clothing,300.0,1,25.0,UPI,8.0,3.9,1,Returned
CUST1025,27.0,Male,Patna,2024-08-22,2024-11-12,Electronics,497.03,2,15.0,UPI,1.0,5.0,0,Delivered
CUST1036,23.0,Female,Delhi,2025-01-31,2025-10-14,Beauty,563.06,1,25.0,Debit Card,3.0,4.8,0,Delivered
CUST1155,56.0,Male,Jaipur,2025-02-06,2025-06-21,Clothing,300.0,4,10.0,Credit Card,3.0,3.7,0,Delivered
CUST1246,32.0,Male,Patna,2024-10-18,2025-06-21,clothing,342.03,5,25.0,Net Banking,6.0,3.6,0,Delivered
CUST1122,27.0,Male,Kolkata,2024-09-27,2025-05-11,Grocery,62.57,1,5.0,Credit Card,5.0,,0,Delivered
CUST1118,18.0,Male,Kolkata,2024-10-13,2025-08-01,Electronics,300.0,4,10.0,Credit Card,3.0,3.1,0,Delivered
CUST1047,33.0,Female,Ahmedabad,2024-06-07,2025-01-27,Electronics,300.0,3,15.0,Credit Card,3.0,4.8,0,Delivered
CUST1206,21.0,Male,Delhi,2024-06-24,2025-02-16,Beauty,150.0,3,10.0,Debit Card,2.0,5.0,0,Delivered
CUST1205,36.0,Female,Delhi,2024-05-26,2025-02-17,Clothing,300.0,1,20.0,Debit Card,,,1,Returned
CUST1094,36.0,Male,Ahmedabad,2024-03-20,2025-01-05,Electronics,855.32,0,15.0,Net Banking,6.0,4.3,1,Returned
CUST1030,22.0,,Chennai,2024-08-25,2024-11-25,Beauty,150.0,2,25.0,,5.0,4.3,1,Returned
CUST1164,39.0,Female,Mumbai,2024-04-23,2024-12-20,Books,212.93,4,10.0,Net Banking,4.0,4.0,0,Delivered
CUST1230,30.0,Female,Mumbai,2024-12-18,2025-03-19,Grocery,59.16,2,15.0,Net Banking,4.0,4.4,0,Delivered
CUST1120,38.0,Male,,2024-12-22,2025-03-07,Books,100.0,3,10.0,Cash on Delivery,5.0,3.6,0,Cancelled
CUST1210,38.0,Male,Bengaluru,2024-05-24,2024-08-17,Beauty,150.0,2,0.0,Cash on Delivery,7.0,3.3,0,Delivered
CUST1075,30.0,Male,Bengaluru,2024-07-02,2025-06-25,Beauty,190.39,3,10.0,,6.0,3.8,0,Delivered
CUST1245,18.0,Male,Chennai,2024-01-30,2024-12-28,Beauty,271.46,1,10.0,Cash on Delivery,4.0,4.3,1,Returned
CUST1162,35.0,Male,Jaipur,2025-03-02,2025-04-27,Grocery,87.95,1,10.0,Credit Card,7.0,,0,Delivered
CUST1093,34.0,,Delhi,2024-08-02,2024-11-01,Grocery,77.53,4,30.0,Credit Card,4.0,5.0,0,Cancelled
CUST1074,18.0,Male,Bengaluru,2024-05-04,2024-10-17,Home & Kitchen,200.0,3,10.0,Credit Card,4.0,4.0,0,Delivered
CUST1036,39.0,Female,Bengaluru,2024-05-27,2024-06-06,Home & Kitchen,599.22,3,5.0,UPI,2.0,4.4,0,Delivered
CUST1198,40.0,Male,Kolkata,2024-03-29,2024-09-20,Books,100.0,2,0.0,Net Banking,3.0,4.3,0,Delivered
CUST1181,38.0,Male,Mumbai,2024-12-22,2025-10-30,Beauty,150.0,1,30.0,UPI,3.0,4.0,0,Delivered
CUST1029,28.0,Female,Bengaluru,2024-03-14,2024-05-13,Clothing,896.21,1,0.0,Cash on Delivery,5.0,3.4,0,Delivered
CUST1031,37.0,male,Chennai,2024-04-19,2024-10-25,Books,100.0,4,30.0,Net Banking,5.0,5.0,0,Delivered
CUST1004,37.0,Female,Chennai,2024-03-25,2024-10-24,Beauty,150.0,1,10.0,Credit Card,2.0,5.0,0,Delivered
CUST1174,20.0,F,Pune,2024-02-14,2024-10-09,electronics,463.91,5,30.0,Cash on Delivery,6.0,3.8,0,Delivered
CUST1062,34.0,Male,Bengaluru,2025-04-06,2025-08-26,Grocery,165.62,3,,Cash on Delivery,5.0,5.0,0,Delivered
CUST1014,31.0,Male,Kolkata,2025-02-05,2025-07-09,Grocery,63.31,4,20.0,UPI,5.0,4.2,0,Delivered
CUST1127,49.0,Female,Hyderabad,2025-04-03,2025-04-14,Home & Kitchen,229.72,4,10.0,Credit Card,2.0,4.5,0,Delivered
CUST1076,41.0,FEMALE,Mumbai,2024-01-01,2024-11-21,Books,154.76,5,10.0,UPI,,,0,Delivered
CUST1123,33.0,Male,Bengaluru,2024-04-04,2024-09-01,Grocery,117.46,1,30.0,Cash on Delivery,4.0,5.0,1,Returned
CUST1076,30.0,Female,Mumbai,2024-06-20,2024-11-03,Beauty,158.67,5,5.0,Debit Card,4.0,4.4,0,Delivered
CUST1101,22.0,Female,Hyderabad,2024-02-27,2024-12-19,Clothing,446.4,3,10.0,UPI,6.0,3.5,1,Returned
CUST1021,29.0,Male,Chennai,2024-04-30,2024-05-12,Clothing,300.0,2,10.0,Debit Card,7.0,4.1,0,Delivered
CUST1103,26.0,,Delhi,2024-03-12,2024-09-16,Grocery,143.45,2,25.0,Debit Card,2.0,4.8,0,Delivered
CUST1062,18.0,Male,Delhi,2025-04-12,2025-11-16,Beauty,177.36,1,10.0,Cash on Delivery,4.0,4.0,0,Delivered
CUST1239,38.0,Male,Kolkata,2024-02-18,2024-06-07,Beauty,179.79,1,10.0,UPI,2.0,5.0,0,Delivered
CUST1106,21.0,Male,Delhi,2024-12-23,2025-12-16,Home & Kitchen,200.0,1,5.0,Net Banking,8.0,2.8,0,Delivered
CUST1038,27.0,Female,Ahmedabad,2024-08-14,2024-09-30,books,206.49,1,30.0,Cash on Delivery,3.0,3.4,0,Delivered
CUST1147,22.0,Female,Delhi,2024-03-02,2025-02-20,Home & Kitchen,200.0,2,10.0,UPI,6.0,3.8,1,Returned
CUST1222,42.0,Female,Jaipur,2025-02-27,2025-11-26,Electronics,300.0,5,25.0,Credit Card,7.0,4.3,0,Delivered
CUST1201,26.0,Male,Chennai,2024-01-31,2024-03-22,Electronics,300.0,1,10.0,Cash on Delivery,1.0,5.0,0,Delivered
CUST1065,45.0,Female,Pune,2025-01-15,2025-02-08,Clothing,443.3,2,15.0,UPI,4.0,,0,Delivered
CUST1027,36.0,Male,Hyderabad,2025-01-21,2026-01-04,Beauty,229.5,5,10.0,Net Banking,6.0,4.4,0,Delivered
CUST1044,39.0,Male,Kolkata,2024-12-10,2025-09-27,Grocery,127.86,1,30.0,Cash on Delivery,2.0,5.0,0,Delivered
CUST1090,27.0,Female,Kolkata,2024-06-22,2025-01-24,Grocery,50.0,1,30.0,Net Banking,5.0,3.3,0,Delivered
CUST1136,27.0,Male,Ahmedabad,2024-06-02,2024-12-27,Books,100.0,5,5.0,Net Banking,4.0,4.5,0,Delivered
CUST1134,54.0,Female,BANGALORE,2025-04-24,2026-01-16,Electronics,300.0,1,15.0,UPI,6.0,5.0,1,Returned
CUST1162,,Male,Mumbai,2025-02-03,2025-07-17,Electronics,402.63,3,15.0,Credit Card,1.0,4.4,0,Delivered
CUST1155,21.0,Female,Bengaluru,2024-05-30,2024-11-21,Beauty,162.57,1,5.0,Net Banking,5.0,4.1,1,Returned
CUST1021,34.0,Female,Jaipur,2025-02-28,2025-07-06,Beauty,150.0,1,10.0,Credit Card,4.0,4.2,0,Delivered
CUST1179,34.0,Male,Jaipur,2024-09-20,2025-04-14,Beauty,158.06,4,15.0,Net Banking,4.0,4.2,1,Returned
CUST1175,37.0,Male,Ahmedabad,2024-01-13,2024-04-22,Grocery,56.47,1,30.0,Cash on Delivery,2.0,5.0,0,Delivered
CUST1116,37.0,Female,Kolkata,2024-05-04,2024-05-28,Home & Kitchen,200.0,1,30.0,Net Banking,4.0,4.3,0,Delivered
CUST1203,18.0,Female,Chennai,2024-10-26,2025-03-07,Books,146.28,3,5.0,Credit Card,,3.7,0,Delivered
CUST1115,23.0,,Patna,2024-09-29,2025-01-13,Grocery,251.4,1,15.0,Cash on Delivery,6.0,3.9,0,Delivered
CUST1172,34.0,Female,Hyderabad,2025-03-26,2025-07-26,Books,100.0,3,0.0,Net Banking,,4.0,0,Delivered
CUST1103,32.0,Female,Mumbai,2025-04-19,2026-03-08,Grocery,80.12,1,25.0,Debit Card,4.0,5.0,0,Delivered
CUST1076,26.0,MALE,Chennai,2024-07-08,2024-11-01,Home & Kitchen,361.16,4,5.0,Debit Card,1.0,5.0,1,Returned
CUST1056,27.0,Female,PATNA,2024-02-27,2025-02-23,Home & Kitchen,519.13,1,10.0,Credit Card,4.0,5.0,0,Delivered
CUST1179,41.0,Male,Hyderabad,2024-08-10,2025-02-09,Clothing,382.35,4,10.0,Debit Card,8.0,3.7,1,Returned
CUST1066,33.0,Female,Pune,2024-04-27,2024-11-03,grocery,135.6,1,5.0,Cash on Delivery,4.0,4.2,0,Delivered
CUST1177,26.0,FEMALE,Kolkata,2024-09-26,2025-01-17,Beauty,237.32,3,,Cash on Delivery,4.0,4.8,0,Delivered
CUST1225,36.0,Female,Chennai,2024-03-02,2024-10-27,Beauty,150.0,1,30.0,UPI,2.0,4.4,0,Delivered
CUST1207,29.0,Female,Hyderabad,2024-12-15,2025-07-15,Electronics,300.0,4,5.0,Debit Card,3.0,5.0,0,Delivered
CUST1022,26.0,Male,Kolkata,2024-05-08,2024-12-05,Beauty,150.0,2,25.0,UPI,4.0,4.7,0,Delivered
CUST1044,-5.0,Male,Mumbai,2024-11-21,2025-03-30,Grocery,50.0,4,10.0,Debit Card,5.0,5.0,0,Delivered
CUST1043,150.0,Male,Bengaluru,2024-06-18,2025-02-19,Grocery,347.38,1,10.0,Cash on Delivery,5.0,3.4,0,Cancelled
CUST1227,18.0,Male,Hyderabad,2024-02-18,2024-03-14,Clothing,300.0,1,15.0,Net Banking,1.0,5.0,0,Delivered
CUST1019,42.0,Male,Hyderabad,2024-08-16,2024-12-04,Electronics,346.3,5,5.0,UPI,7.0,4.1,0,Delivered
CUST1081,43.0,Male,Ahmedabad,2025-02-06,2025-09-01,Grocery,50.0,2,5.0,Cash on Delivery,3.0,5.0,0,Delivered
CUST1248,,Male,Pune,2024-10-02,2025-08-10,Beauty,393.76,-2,20.0,Cash on Delivery,8.0,3.3,0,Delivered
CUST1151,,Male,Kolkata,2024-05-22,2025-04-28,Clothing,300.0,2,15.0,Net Banking,4.0,2.9,0,Delivered
CUST1098,33.0,Female,Ahmedabad,2024-10-30,2025-01-03,Grocery,0.0,1,0.0,Net Banking,1.0,4.3,0,Delivered
CUST1249,42.0,Female,Kolkata,2024-09-17,2025-02-27,Electronics,300.0,2,25.0,,1.0,4.8,1,Returned
CUST1173,37.0,Female,Hyderabad,2024-04-05,2024-07-05,Clothing,311.55,2,25.0,Cash on Delivery,1.0,5.0,1,Returned
CUST1154,32.0,Female,Delhi,2025-05-07,2025-06-16,Clothing,402.28,2,25.0,Cash on Delivery,1.0,4.1,0,Cancelled
CUST1130,18.0,Male,,2024-10-10,2025-03-01,Electronics,300.0,4,30.0,Cash on Delivery,7.0,3.9,0,Delivered
CUST1133,,Male,Bengaluru,2024-03-10,2024-05-18,Clothing,440.56,3,10.0,Credit Card,5.0,5.0,0,Delivered
CUST1093,35.0,Male,Ahmedabad,2024-09-26,2025-08-07,electronics,300.0,3,10.0,Cash on Delivery,5.0,4.0,0,Delivered
CUST1052,18.0,Male,Kolkata,2024-04-22,2025-02-15,Books,133.75,5,5.0,Debit Card,2.0,5.0,0,Delivered
CUST1138,35.0,Male,Jaipur,2024-02-08,2024-03-31,Home & Kitchen,696.48,1,20.0,UPI,3.0,5.0,0,Delivered
CUST1237,56.0,Male,Hyderabad,2024-07-07,2024-08-24,Books,100.0,3,0.0,Credit Card,3.0,4.2,0,Delivered
CUST1128,32.0,Female,Hyderabad,2024-01-08,2024-12-13,Electronics,326.42,1,25.0,Cash on Delivery,3.0,5.0,0,Delivered
CUST1051,19.0,Male,Chennai,2024-02-29,2024-12-20,Clothing,505.46,1,10.0,Credit Card,4.0,3.8,0,Delivered
CUST1201,34.0,Male,Chennai,2025-04-09,2025-11-10,Beauty,235.09,5,0.0,UPI,2.0,4.8,0,Delivered
CUST1156,30.0,Male,Hyderabad,2024-09-03,2025-01-08,Books,199.37,1,15.0,Cash on Delivery,6.0,5.0,0,Delivered
CUST1208,25.0,Male,Pune,2024-03-19,2024-05-24,books,227.1,4,15.0,,6.0,4.4,1,Returned
CUST1130,33.0,Male,Kolkata,2024-02-03,2025-01-26,Grocery,50.0,2,10.0,Credit Card,5.0,4.3,0,Delivered
CUST1062,37.0,Female,Chennai,2025-01-17,2025-01-23,Beauty,374.74,1,10.0,Credit Card,8.0,4.5,0,Delivered
CUST1226,45.0,Male,Jaipur,2025-01-01,2025-11-13,Grocery,50.0,5,10.0,Net Banking,7.0,4.2,1,Returned
CUST1102,33.0,Male,Ahmedabad,2025-01-31,2025-08-06,Grocery,88.7,1,20.0,Debit Card,4.0,,0,Delivered
CUST1237,24.0,Female,Kolkata,2024-05-08,2024-06-25,Clothing,300.0,2,15.0,Net Banking,3.0,4.1,1,Returned
CUST1096,30.0,Female,Patna,2024-04-20,2024-11-25,Home & Kitchen,200.0,1,25.0,Credit Card,3.0,7.0,0,Delivered
CUST1217,38.0,Male,Chennai,2024-06-25,2024-10-02,Clothing,300.0,2,15.0,Credit Card,5.0,4.2,0,Delivered
CUST1182,18.0,Male,Hyderabad,2025-04-27,2025-08-24,Clothing,-500.0,2,5.0,Debit Card,3.0,4.5,0,Delivered
CUST1153,36.0,Female,Ahmedabad,2025-04-07,2025-06-18,Books,100.0,4,0.0,UPI,2.0,4.7,0,Delivered
CUST1232,29.0,Male,Kolkata,2024-07-25,2025-06-17,Books,206.59,1,25.0,UPI,4.0,4.8,0,Delivered
CUST1079,40.0,Female,Mumbai,2024-11-03,2025-07-09,Clothing,300.0,3,0.0,Credit Card,3.0,5.0,0,Delivered
CUST1239,18.0,Male,Mumbai,2024-10-09,2025-09-16,Books,100.0,5,30.0,Debit Card,,4.8,1,Returned
CUST1105,32.0,Female,Patna,2024-08-31,2025-05-31,Clothing,300.0,2,30.0,Credit Card,6.0,3.9,1,Returned
CUST1164,24.0,Female,Ahmedabad,2024-11-21,2025-05-16,Clothing,309.29,1,5.0,Credit Card,6.0,4.5,0,Delivered
CUST1037,44.0,Female,Ahmedabad,2025-05-10,2025-05-17,Books,100.0,1,10.0,Debit Card,5.0,5.0,0,Delivered
CUST1226,45.0,Male,Jaipur,2025-01-01,2025-11-13,Grocery,50.0,5,10.0,Net Banking,7.0,4.2,1,Returned
CUST1047,23.0,Female,Patna,2025-02-25,2026-01-10,Electronics,1417.46,4,0.0,Credit Card,4.0,4.8,0,Delivered
CUST1004,30.0,Male,Jaipur,2025-05-03,2025-12-08,Grocery,190.37,5,0.0,Credit Card,1.0,4.5,0,Delivered
CUST1159,26.0,Female,Kolkata,2024-03-24,2024-10-16,Home & Kitchen,200.0,4,10.0,Credit Card,2.0,3.8,0,Delivered
CUST1130,47.0,Female,Delhi,2024-08-01,2025-06-02,Books,251.14,3,25.0,Credit Card,4.0,5.0,0,Delivered
CUST1004,18.0,Male,Jaipur,2024-05-24,2025-04-28,Books,100.0,1,25.0,UPI,1.0,4.0,0,Delivered
CUST1021,26.0,Female,Mumbai,2024-04-04,2025-03-30,Electronics,891.07,2,15.0,Cash on Delivery,5.0,4.7,0,Delivered
CUST1062,58.0,Male,,2024-04-26,2025-02-01,Home & Kitchen,200.0,2,30.0,Debit Card,6.0,4.2,0,Delivered
CUST1109,28.0,Female,Jaipur,2025-01-08,2025-03-13,Books,100.0,1,30.0,Credit Card,3.0,5.0,0,Delivered
CUST1104,30.0,male,Jaipur,2024-09-29,2024-10-04,Grocery,116.22,1,30.0,Cash on Delivery,6.0,3.8,0,Delivered
CUST1087,47.0,Male,Delhi,2024-11-19,2024-12-30,Books,175.33,1,5.0,Cash on Delivery,2.0,3.0,0,Delivered
CUST1096,30.0,Male,Hyderabad,2024-05-03,2024-09-25,Home & Kitchen,200.0,2,20.0,UPI,6.0,4.3,0,Delivered
CUST1148,18.0,female,Ahmedabad,2025-03-12,2025-07-18,Books,100.0,1,5.0,Credit Card,4.0,5.0,0,Delivered
CUST1023,23.0,Female,Ahmedabad,2025-01-18,2025-10-04,Grocery,98.33,3,25.0,Credit Card,4.0,4.1,0,Delivered
CUST1237,33.0,Male,Jaipur,2024-08-20,2024-09-28,Electronics,0.0,1,,Net Banking,5.0,2.4,0,Delivered
CUST1032,27.0,Female,Mumbai,2024-09-21,2024-12-17,Beauty,150.0,2,20.0,Net Banking,3.0,4.4,1,Returned
CUST1069,36.0,Male,Ahmedabad,2024-02-10,2024-09-11,Books,100.0,4,30.0,Credit Card,5.0,5.0,0,Delivered
CUST1249,18.0,Female,Delhi,2025-02-08,2026-01-08,Home & Kitchen,410.91,1,20.0,Debit Card,1.0,4.8,0,Delivered
CUST1090,22.0,Female,Bengaluru,2024-09-11,2024-11-25,Grocery,102.61,1,10.0,Credit Card,4.0,5.0,0,Delivered
CUST1168,18.0,Female,Hyderabad,2025-05-07,2025-12-20,Electronics,300.0,5,25.0,Cash on Delivery,2.0,5.0,0,Delivered
CUST1195,26.0,Male,Bengaluru,2024-07-17,2025-05-20,Beauty,323.18,1,0.0,Cash on Delivery,5.0,2.7,0,Delivered
CUST1192,28.0,Male,Patna,2024-07-12,2024-12-10,Books,286.93,2,30.0,Net Banking,1.0,5.0,1,Returned
CUST1149,18.0,Female,Mumbai,2024-03-29,2024-08-29,Electronics,643.85,4,25.0,UPI,5.0,,0,Delivered
CUST1156,30.0,Female,Chennai,2025-01-07,2025-08-19,Grocery,85.85,1,0.0,Debit Card,4.0,4.8,0,Delivered
CUST1150,18.0,,Hyderabad,2024-09-09,2024-11-07,Clothing,300.0,1,0.0,Credit Card,3.0,5.0,0,Delivered
CUST1026,28.0,Male,Pune,2025-03-23,2025-09-04,Home & Kitchen,252.34,4,30.0,Credit Card,1.0,4.9,0,Delivered
CUST1057,40.0,Male,Patna,2024-03-15,2025-01-02,Electronics,300.0,1,25.0,UPI,7.0,3.4,0,Delivered
CUST1036,38.0,Male,Mumbai,2024-09-09,2025-03-07,Clothing,509.81,4,25.0,Credit Card,3.0,3.2,0,Delivered
CUST1028,31.0,Male,Kolkata,2024-11-06,2025-03-04,Beauty,403.79,2,0.0,UPI,2.0,4.3,0,Cancelled
CUST1156,29.0,Female,Ahmedabad,2024-05-26,2024-10-09,Home & Kitchen,200.0,1,5.0,Debit Card,6.0,3.7,0,Delivered
CUST1233,38.0,Female,Mumbai,2024-07-17,2025-07-13,Beauty,150.0,1,5.0,UPI,3.0,5.0,0,Delivered
CUST1166,22.0,female,Kolkata,2024-04-03,2024-04-15,Home & Kitchen,1705.61,2,5.0,UPI,1.0,5.0,0,Delivered
CUST1048,21.0,FEMALE,,2024-07-01,2025-01-23,Electronics,654.02,5,10.0,Cash on Delivery,1.0,4.0,0,Delivered
CUST1116,30.0,Male,Pune,2024-09-26,2025-06-05,Books,159.58,2,25.0,Debit Card,3.0,4.1,0,Delivered
CUST1028,,Female,Hyderabad,2024-12-21,2025-01-10,Electronics,469.03,2,10.0,Net Banking,3.0,4.6,0,Delivered
CUST1030,28.0,Female,Ahmedabad,2024-12-13,2025-07-31,Home & Kitchen,338.28,3,0.0,Net Banking,6.0,3.3,1,Returned
CUST1232,53.0,Female,Ahmedabad,2024-10-16,2025-07-06,Home & Kitchen,200.0,1,20.0,Cash on Delivery,7.0,5.0,1,Returned
CUST1197,47.0,Male,Mumbai,2024-05-07,2024-12-30,Clothing,300.0,-1,10.0,Debit Card,4.0,5.0,0,Delivered
CUST1096,44.0,Male,Delhi,2024-02-27,2024-06-11,Home & Kitchen,200.0,2,5.0,Cash on Delivery,2.0,,0,Delivered
CUST1142,23.0,Female,Patna,2025-05-10,2025-06-02,Home & Kitchen,200.0,2,25.0,Debit Card,4.0,4.6,0,Delivered
CUST1218,29.0,Female,Pune,2024-06-28,2024-07-31,Home & Kitchen,200.0,1,10.0,UPI,7.0,3.7,0,Delivered
CUST1159,28.0,Female,Pune,2024-05-05,2025-04-25,Clothing,300.0,2,25.0,Debit Card,2.0,4.9,0,Delivered
CUST1048,51.0,Female,Hyderabad,2024-07-23,2024-10-03,clothing,666.32,2,10.0,Net Banking,6.0,3.5,0,Delivered
CUST1238,47.0,Female,Jaipur,2024-08-08,2025-06-29,Beauty,150.0,1,10.0,UPI,2.0,5.0,0,Delivered
CUST1082,24.0,,Kolkata,2024-01-04,2024-06-18,Clothing,300.0,2,30.0,UPI,1.0,4.6,0,Delivered
CUST1142,25.0,M,Mumbai,2024-01-19,2024-06-12,Beauty,162.34,5,0.0,Credit Card,2.0,4.6,0,Delivered
CUST1045,26.0,Male,Pune,2024-07-22,2024-08-19,Electronics,300.0,1,5.0,Credit Card,3.0,4.5,0,Delivered
CUST1063,49.0,Female,Pune,2024-06-01,2024-09-12,Beauty,156.45,1,30.0,UPI,1.0,,0,Delivered
CUST1097,33.0,Female,Patna,2024-09-29,2025-01-07,Home & Kitchen,200.43,4,10.0,Debit Card,6.0,3.2,0,Delivered
CUST1133,37.0,Female,Kolkata,2025-01-18,2025-12-17,Electronics,300.0,5,10.0,Debit Card,6.0,3.9,0,Delivered
CUST1020,27.0,Female,Jaipur,2024-03-09,2024-04-14,Beauty,172.81,2,10.0,Debit Card,5.0,5.0,0,Cancelled
CUST1086,42.0,Female,Delhi ,2025-02-08,2025-07-03,Beauty,-500.0,4,10.0,Debit Card,,4.1,0,Delivered
CUST1225,37.0,Female,Pune,2025-05-01,2025-08-02,Beauty,156.1,2,15.0,Net Banking,1.0,5.0,0,Delivered
CUST1099,22.0,Female,Bengaluru,2024-12-06,2025-06-21,Beauty,150.0,1,10.0,Credit Card,5.0,3.4,1,Returned
CUST1011,22.0,Female,Chennai,2024-03-30,2024-10-20,Beauty,158.36,1,30.0,Debit Card,5.0,4.2,0,Delivered
CUST1196,44.0,Female,Jaipur,2025-03-19,2025-03-23,electronics,300.0,2,10.0,Net Banking,1.0,5.0,0,Delivered
CUST1100,37.0,Female,Kolkata,2024-10-16,2025-03-20,Grocery,50.0,2,25.0,Credit Card,2.0,4.6,1,Returned
CUST1242,30.0,Female,Bengaluru,2024-03-24,2024-11-20,Electronics,372.45,1,10.0,UPI,3.0,4.5,0,Delivered
CUST1192,24.0,,Bengaluru,2025-04-19,2025-06-11,Grocery,68.58,1,10.0,UPI,3.0,3.9,0,Delivered
CUST1046,36.0,Female,Patna,2024-09-23,2025-06-17,Beauty,150.0,1,5.0,Credit Card,3.0,5.0,0,Delivered
CUST1031,18.0,Male,Patna,2024-11-03,2025-10-13,Beauty,269.2,4,0.0,Cash on Delivery,4.0,3.4,0,Delivered
CUST1012,20.0,Female,Mumbai,2024-03-03,2024-11-10,Clothing,300.0,1,30.0,Cash on Delivery,3.0,4.5,1,Returned
CUST1132,40.0,Female,Patna,2025-02-05,2025-11-27,Clothing,300.0,5,25.0,Debit Card,5.0,4.5,0,Delivered
CUST1142,30.0,Female,Chennai,2025-03-15,2026-01-31,Home & Kitchen,439.79,1,10.0,Cash on Delivery,3.0,4.6,0,Cancelled
CUST1180,19.0,Male,Ahmedabad,2024-01-06,2024-05-09,Books,100.0,1,20.0,Credit Card,6.0,4.5,0,Delivered
CUST1047,25.0,Male,Patna,2025-04-15,2025-11-26,Grocery,50.0,2,25.0,Debit Card,5.0,2.3,0,Delivered
CUST1110,18.0,Male,Pune,2024-10-03,2024-12-11,Electronics,1205.77,1,10.0,Net Banking,7.0,3.4,0,Delivered
CUST1171,44.0,Female,Chennai,2024-12-29,2025-02-05,Home & Kitchen,200.0,4,30.0,UPI,7.0,4.1,0,Delivered
CUST1207,38.0,Female,,2025-03-18,2025-10-29,Grocery,408.43,5,10.0,Debit Card,1.0,4.5,0,Delivered
CUST1038,39.0,Male,BANGALORE,2025-03-16,2025-08-10,Electronics,300.0,1,30.0,Debit Card,3.0,5.0,0,Delivered
CUST1233,36.0,Female,Pune,2024-12-22,2025-05-15,Electronics,345.48,5,30.0,Debit Card,2.0,4.9,0,Delivered
CUST1175,23.0,Male,Ahmedabad,2024-07-21,2024-12-14,Clothing,300.0,1,25.0,Cash on Delivery,5.0,4.1,0,Delivered
CUST1149,30.0,Female,Chennai,2024-07-27,2024-09-28,Electronics,363.33,1,10.0,Net Banking,3.0,3.8,1,Returned
CUST1215,43.0,Male,Kolkata,2025-01-27,2025-09-09,Clothing,300.0,2,10.0,UPI,,4.8,0,Delivered
CUST1207,42.0,Female,Ahmedabad,2024-12-23,2025-09-03,Grocery,161.71,5,5.0,UPI,6.0,3.6,0,Delivered
CUST1247,24.0,Male,Hyderabad,2024-09-11,2025-08-04,Books,100.0,3,0.0,Cash on Delivery,3.0,,0,Delivered
CUST1178,37.0,Male,Kolkata,2025-01-19,2025-04-21,Books,100.0,5,25.0,Net Banking,5.0,3.7,0,Delivered
CUST1232,43.0,Male,Delhi,2024-11-17,2025-08-08,Grocery,95.45,1,10.0,Net Banking,1.0,5.0,0,Delivered
CUST1057,,Female,Delhi,2025-02-15,2026-01-31,Books,100.0,1,25.0,Net Banking,3.0,4.9,0,Delivered
CUST1141,18.0,FEMALE,Kolkata,2024-10-17,2025-09-20,Grocery,185.57,3,30.0,Cash on Delivery,5.0,5.0,0,Delivered
CUST1149,23.0,Female,Chennai,2024-04-17,2024-11-14,Grocery,50.0,2,5.0,UPI,3.0,4.1,0,Cancelled
CUST1182,18.0,Female,Jaipur,2024-09-02,2025-02-09,Home & Kitchen,218.85,5,30.0,Credit Card,8.0,,1,Returned
CUST1224,40.0,Male,,2024-09-16,2024-12-19,Electronics,531.6,2,0.0,Credit Card,,4.7,0,Delivered
CUST1091,26.0,Female,Delhi,2024-08-09,2024-10-27,Clothing,424.56,4,30.0,Credit Card,3.0,5.0,1,Returned
CUST1235,21.0,male,Jaipur,2024-01-29,2024-05-16,Grocery,85.58,1,25.0,UPI,6.0,4.5,0,Delivered
CUST1071,23.0,Male,Kolkata,2024-03-06,2024-08-22,Electronics,-500.0,2,20.0,Net Banking,6.0,4.3,0,Delivered
CUST1017,20.0,Male,Jaipur,2024-06-14,2025-05-16,Home & Kitchen,229.62,5,20.0,Cash on Delivery,4.0,5.0,0,Delivered
CUST1224,18.0,Female,Hyderabad,2025-03-28,2025-04-06,Grocery,95.81,3,10.0,Debit Card,5.0,4.0,0,Delivered
CUST1215,50.0,Female,Jaipur,2024-08-26,2024-11-09,Books,132.74,1,5.0,Credit Card,4.0,4.5,0,Delivered
CUST1111,43.0,Female,Chennai,2025-04-13,2025-06-04,Clothing,1344.83,4,30.0,Debit Card,3.0,4.7,0,Delivered
CUST1108,39.0,Female,Delhi,2024-03-24,2024-11-09,Beauty,150.0,5,0.0,Cash on Delivery,4.0,5.0,0,Delivered
CUST1100,18.0,Male,Pune,2024-02-03,2024-06-22,Electronics,574.19,1,20.0,Debit Card,1.0,,0,Delivered
CUST1184,29.0,Female,Hyderabad,2024-10-03,2025-09-05,Books,100.0,1,10.0,Cash on Delivery,2.0,4.6,0,Delivered
CUST1096,43.0,Male,Patna,2024-01-18,2024-11-06,Beauty,338.03,1,25.0,UPI,5.0,,0,Delivered
CUST1012,47.0,Female,BANGALORE,2024-05-31,2024-10-29,Grocery,219.47,1,10.0,Net Banking,2.0,4.7,0,Delivered
CUST1045,36.0,Female,Patna,2025-03-28,2026-01-16,Grocery,50.0,3,5.0,Net Banking,4.0,4.0,0,Delivered
CUST1112,25.0,Female,Kolkata,2024-12-05,2024-12-17,Books,100.0,4,10.0,UPI,2.0,4.1,0,Delivered
CUST1105,26.0,Female,Patna,2025-04-26,2025-06-07,Clothing,300.0,1,25.0,Cash on Delivery,2.0,4.6,0,Delivered
CUST1145,37.0,Female,Jaipur,2024-03-04,2024-06-02,grocery,120.92,2,5.0,UPI,5.0,5.0,0,Delivered
CUST1152,42.0,Female,Mumbai,2024-06-23,2025-04-07,Home & Kitchen,862.84,3,0.0,Net Banking,8.0,4.0,0,Delivered
CUST1187,32.0,Female,Patna,2024-02-23,2025-01-30,Beauty,841.26,2,30.0,Debit Card,4.0,4.7,0,Delivered
CUST1115,20.0,Male,Bengaluru,2024-08-21,2025-05-28,Electronics,387.19,-2,20.0,Credit Card,4.0,3.9,0,Delivered
CUST1016,36.0,Female,Pune,2024-10-01,2025-03-13,Beauty,205.9,1,25.0,Cash on Delivery,1.0,5.0,0,Delivered
CUST1173,43.0,Male,Patna,2025-05-14,2025-06-24,Clothing,397.85,2,0.0,Debit Card,4.0,3.0,0,Delivered
CUST1175,18.0,Female,Mumbai,2024-08-03,2025-03-16,Beauty,320.17,3,10.0,Debit Card,4.0,5.0,0,Delivered
CUST1213,36.0,Female,Chennai,2024-06-29,2025-06-01,Clothing,637.22,2,15.0,Cash on Delivery,4.0,4.2,0,Delivered
CUST1163,32.0,Female,Mumbai,2024-05-20,2024-10-04,Electronics,304.6,1,20.0,Net Banking,1.0,4.9,0,Cancelled
CUST1212,40.0,Male,Kolkata,2024-12-27,2025-09-05,Books,100.0,3,30.0,Debit Card,1.0,4.7,0,Delivered
CUST1189,39.0,Female,Jaipur,2024-10-15,2025-07-18,Grocery,51.27,5,10.0,Cash on Delivery,7.0,3.5,0,Delivered
CUST1183,47.0,Male,Chennai,2025-01-23,2025-03-14,Books,257.49,2,,Debit Card,6.0,4.1,0,Delivered
CUST1007,19.0,Female,Hyderabad,2024-10-20,2025-01-23,Books,100.0,1,0.0,Debit Card,6.0,2.8,0,Delivered
CUST1174,25.0,Male,Hyderabad,2024-12-27,2025-08-05,Clothing,677.32,2,10.0,Debit Card,6.0,3.3,0,Delivered
CUST1174,44.0,Male,Ahmedabad,2025-03-10,2025-04-26,Grocery,72.61,1,30.0,Cash on Delivery,4.0,4.1,0,Delivered
CUST1020,44.0,Female,Pune,2024-02-27,2024-06-16,Home & Kitchen,253.39,1,0.0,UPI,6.0,4.1,0,Delivered
CUST1132,33.0,Female,Delhi,2024-10-08,2025-06-24,Beauty,150.0,4,20.0,Credit Card,4.0,5.0,0,Delivered
CUST1058,40.0,M,Ahmedabad,2025-04-04,2026-03-26,Electronics,300.0,5,0.0,Credit Card,2.0,,0,Delivered
CUST1244,18.0,Female,Ahmedabad,2025-04-05,2025-07-20,Books,100.0,1,20.0,UPI,3.0,5.0,0,Delivered
CUST1108,18.0,Male,Kolkata,2024-11-15,2025-05-29,Clothing,300.0,3,5.0,UPI,5.0,4.1,0,Delivered
CUST1215,28.0,Female,Pune,2024-04-24,2024-11-18,Electronics,769.71,3,0.0,Debit Card,8.0,,0,Delivered
CUST1123,41.0,Female,Kolkata,2024-08-12,2024-08-27,clothing,471.53,3,20.0,Cash on Delivery,1.0,5.0,1,Returned
CUST1066,39.0,Male,Pune,2024-11-30,2025-04-12,Electronics,332.1,3,0.0,UPI,8.0,3.7,0,Delivered
CUST1125,32.0,Male,Ahmedabad,2024-08-13,2024-10-16,Clothing,382.11,5,30.0,Credit Card,3.0,5.0,0,Delivered
CUST1157,30.0,Male,Bengaluru,2024-03-19,2024-07-20,Clothing,300.0,4,10.0,Cash on Delivery,4.0,4.6,0,Delivered
CUST1156,40.0,Male,Bengaluru,2025-01-10,2025-08-05,Grocery,57.13,1,10.0,Debit Card,1.0,5.0,0,Delivered
CUST1200,31.0,Male,Delhi,2024-10-25,2025-01-09,Home & Kitchen,200.0,2,0.0,Net Banking,4.0,3.9,0,Delivered
CUST1021,39.0,female,Kolkata,2024-10-07,2025-07-25,Home & Kitchen,243.51,1,10.0,UPI,2.0,4.7,0,Delivered
CUST1063,18.0,Male,Patna,2024-08-12,2025-06-16,Beauty,151.7,5,30.0,Credit Card,2.0,5.0,0,Delivered
CUST1073,29.0,male,,2024-09-05,2025-06-01,Books,180.77,1,0.0,Cash on Delivery,7.0,3.8,0,Delivered
CUST1086,18.0,F,Mumbai,2024-09-10,2025-09-01,beauty,150.0,3,0.0,Net Banking,5.0,,0,Delivered
CUST1010,37.0,Female,Ahmedabad,2024-07-01,2024-11-30,Books,100.0,5,10.0,Net Banking,1.0,5.0,0,Delivered
CUST1096,40.0,Female,Mumbai,2024-03-28,2025-01-27,Clothing,347.28,5,0.0,Cash on Delivery,5.0,4.2,1,Returned
CUST1067,36.0,Male,Hyderabad,2024-06-10,2025-05-22,Grocery,110.55,4,0.0,Debit Card,9.0,3.6,1,Returned
CUST1232,43.0,Male,Delhi,2024-11-17,2025-08-08,Grocery,95.45,1,10.0,Net Banking,1.0,5.0,0,Delivered
CUST1166,,Female,Chennai,2024-02-14,2024-12-23,Electronics,300.0,1,,Debit Card,3.0,5.0,0,Cancelled
CUST1171,31.0,Male,Hyderabad,2024-11-19,2024-12-07,Home & Kitchen,200.0,1,,Net Banking,6.0,,0,Delivered
CUST1180,18.0,Female,Chennai,2024-01-02,2024-04-18,Beauty,246.83,3,0.0,Net Banking,4.0,5.0,0,Delivered
CUST1175,28.0,Female,Patna,2024-11-19,2025-04-28,Books,149.64,4,10.0,Net Banking,2.0,4.6,0,Delivered
CUST1146,54.0,Male,Bengaluru,2024-09-09,2025-06-01,Beauty,150.0,2,5.0,Debit Card,6.0,4.5,0,Delivered
CUST1017,18.0,Male,Kolkata,2024-01-09,2024-06-22,Beauty,229.28,5,0.0,Cash on Delivery,5.0,3.7,0,Delivered
CUST1080,41.0,Male,Ahmedabad,2024-02-28,2024-12-27,Books,134.34,1,15.0,Debit Card,5.0,4.9,0,Delivered
CUST1236,31.0,Male,Mumbai,2024-08-07,2024-11-20,Home & Kitchen,280.96,4,20.0,Cash on Delivery,2.0,4.6,0,Delivered
CUST1170,18.0,Male,Mumbai,2024-01-13,2024-08-16,Home & Kitchen,248.73,1,5.0,Credit Card,5.0,4.4,0,Delivered
CUST1133,30.0,Male,Chennai,2025-02-04,2025-12-30,Beauty,405.21,1,10.0,Credit Card,1.0,5.0,0,Delivered
CUST1097,40.0,Female,Delhi,2024-07-21,2024-08-13,Beauty,190.7,-2,25.0,Debit Card,8.0,4.6,0,Delivered
CUST1181,32.0,Female,Hyderabad,2024-03-01,2024-06-29,Beauty,274.88,4,5.0,Debit Card,7.0,5.0,0,Delivered
CUST1183,30.0,Male,Bengaluru,2024-09-21,2025-06-25,Books,100.0,2,0.0,Credit Card,8.0,4.3,0,Delivered
CUST1032,53.0,Male,Mumbai,2025-03-31,2025-05-23,Beauty,150.0,2,10.0,Debit Card,2.0,5.0,0,Delivered
CUST1126,35.0,MALE,Jaipur,2024-01-01,2024-12-13,Electronics,300.0,3,0.0,Debit Card,1.0,4.5,0,Delivered
CUST1149,21.0,Male,Pune,2024-12-21,2025-09-24,Beauty,245.05,1,25.0,UPI,5.0,4.6,0,Delivered
CUST1169,38.0,Female,Bengaluru,2025-02-23,2025-05-19,Electronic,300.0,1,5.0,Debit Card,5.0,4.5,1,Returned
CUST1032,27.0,Female,Mumbai,2024-09-21,2024-12-17,Beauty,150.0,2,20.0,Net Banking,3.0,4.4,1,Returned
CUST1202,35.0,Male,BANGALORE,2024-11-25,2025-06-23,Beauty,264.93,5,25.0,Cash on Delivery,5.0,3.6,0,Delivered
CUST1139,18.0,Male,Ahmedabad,2025-03-20,2026-02-08,Electronics,300.0,3,10.0,Net Banking,4.0,4.6,1,Returned
CUST1160,40.0,Male,Jaipur,2024-05-26,2025-04-06,Grocery,114.88,1,15.0,Net Banking,1.0,5.0,0,Delivered
CUST1047,,Male,Bengaluru,2025-02-02,2025-03-10,Clothing,300.0,2,30.0,UPI,4.0,4.6,0,Delivered
CUST1027,21.0,Female,Hyderabad,2024-06-04,2024-06-19,Beauty,183.49,1,25.0,Debit Card,3.0,5.0,0,Delivered
CUST1111,,male,Jaipur,2024-11-13,2025-03-13,Clothes,311.52,5,5.0,Debit Card,5.0,5.0,0,Delivered
CUST1112,27.0,,Jaipur,2025-01-16,2025-03-03,Clothing,414.56,3,10.0,,7.0,2.8,0,Delivered
CUST1079,33.0,Male,BANGALORE,2024-06-21,2024-09-10,Grocery,67.58,1,15.0,UPI,3.0,5.0,0,Delivered
CUST1095,19.0,Female,Chennai,2024-08-02,2025-06-19,Beauty,150.0,3,25.0,UPI,3.0,4.8,0,Delivered
CUST1019,39.0,Male,Bengaluru,2024-03-06,2024-03-10,Books,257.13,2,0.0,Credit Card,4.0,3.8,0,Delivered
CUST1102,,Male,Mumbai,2025-03-29,2025-06-18,Grocery,50.0,2,0.0,Cash on Delivery,6.0,3.9,0,Delivered
CUST1162,19.0,M,Jaipur,2024-09-27,2025-04-22,Beauty,412.1,1,30.0,Net Banking,3.0,4.3,0,Delivered
CUST1163,32.0,Female,Mumbai,2024-05-20,2024-10-04,Electronics,304.6,1,20.0,Net Banking,1.0,4.9,0,Cancelled
CUST1105,18.0,Female,Bengaluru,2024-02-13,2024-09-24,Home & Kitchen,246.49,3,20.0,Credit Card,5.0,5.0,0,Delivered
CUST1201,41.0,Male,Chennai,2024-08-07,2025-04-03,Clothing,300.0,2,15.0,Debit Card,1.0,5.0,0,Delivered
CUST1163,18.0,Male,Bengaluru,2024-09-25,2025-07-12,Home & Kitchen,312.7,2,10.0,Debit Card,6.0,3.7,0,Delivered
CUST1020,19.0,Female,Chennai,2024-11-26,2025-03-30,Home & Kitchen,200.0,1,25.0,Debit Card,7.0,4.6,0,Delivered
CUST1118,,Female,Hyderabad,2024-06-13,2025-04-13,Electronics,705.94,1,30.0,Debit Card,5.0,5.0,0,Delivered
CUST1013,28.0,Male,Bengaluru,2024-03-07,2024-09-13,Clothing,300.0,3,30.0,Cash on Delivery,3.0,5.0,0,Delivered
CUST1128,32.0,,Pune,2024-03-03,2024-10-27,Books,100.0,2,10.0,Credit Card,4.0,4.1,0,Delivered
CUST1201,35.0,Female,Hyderabad,2024-03-24,2024-08-13,Home & Kitchen,356.63,5,0.0,UPI,3.0,,0,Delivered
CUST1149,35.0,Female,Kolkata,2024-04-07,2024-05-01,Books,100.0,2,10.0,Net Banking,1.0,5.0,0,Delivered
CUST1185,28.0,Female,Chennai,2024-09-08,2025-01-29,Clothing,442.78,1,30.0,Debit Card,7.0,,0,Delivered
CUST1131,41.0,Male,Bengaluru,2024-12-26,2025-10-29,Electronics,300.0,1,20.0,Net Banking,5.0,4.6,1,Returned
CUST1227,39.0,Female,Mumbai,2024-01-25,2024-07-02,Grocery,50.0,2,5.0,Net Banking,8.0,4.0,0,Delivered
CUST1141,37.0,Male,Hyderabad,2024-05-07,2024-11-22,Home and Kitchen,200.0,1,20.0,Cash on Delivery,2.0,5.0,0,Delivered
CUST1233,30.0,Female,Bengaluru,2025-01-06,2025-09-18,Clothing,583.01,4,20.0,Net Banking,3.0,4.9,0,Delivered
CUST1101,42.0,Female,Chennai,2024-05-25,2024-07-26,home & kitchen,200.0,1,25.0,Debit Card,5.0,3.3,0,Delivered
CUST1184,40.0,Female,Patna,2024-07-29,2024-09-14,clothing,582.86,3,,Credit Card,3.0,4.1,0,Delivered
CUST1065,34.0,Male,Mumbai,2024-12-02,2025-03-01,Home & Kitchen,200.0,5,15.0,Debit Card,3.0,5.0,0,Delivered
CUST1056,26.0,Female,Bengaluru,2025-01-27,2025-05-05,Beauty,75000.0,2,0.0,Credit Card,3.0,5.0,0,Delivered
CUST1169,18.0,Female,Hyderabad,2024-11-16,2025-09-22,Home & Kitchen,200.0,2,25.0,Credit Card,1.0,5.0,0,Delivered
CUST1001,30.0,Male,Kolkata,2024-09-22,2025-01-27,Electronic,300.0,2,25.0,Net Banking,1.0,5.0,0,Delivered
CUST1124,39.0,Male,Ahmedabad,2024-02-12,2024-03-05,Books,104.37,1,5.0,Credit Card,3.0,4.8,0,Delivered
CUST1031,18.0,Male,Ahmedabad,2024-07-23,2024-09-12,Beauty,186.74,1,30.0,Debit Card,1.0,4.6,0,Delivered
CUST1077,31.0,Female,Mumbai,2025-01-30,2025-03-13,Grocery,292.13,1,20.0,UPI,3.0,4.7,0,Delivered
CUST1052,37.0,Female,Delhi,2024-06-04,2025-03-21,Grocery,115.58,5,30.0,Net Banking,5.0,4.0,0,Delivered
CUST1233,43.0,Female,Patna,2025-01-04,2025-01-08,Books,218.1,2,10.0,Cash on Delivery,1.0,,0,Delivered
CUST1232,39.0,,Jaipur,2024-12-24,2025-04-03,Home & Kitchen,216.28,2,5.0,Credit Card,4.0,4.3,0,Delivered
CUST1165,24.0,Female,Pune,2024-04-23,2024-12-17,Clothing,555.9,2,25.0,UPI,4.0,5.0,0,Delivered
CUST1144,33.0,Male,Kolkata,2024-03-12,2024-07-15,Electronics,1159.4,1,15.0,Debit Card,1.0,,0,Delivered
CUST1214,23.0,Female,Mumbai,2024-04-06,2024-10-23,Books,105.53,2,10.0,Credit Card,7.0,4.5,1,Returned
CUST1072,27.0,Male,Bengaluru,2024-03-12,2024-12-13,Grocery,50.0,1,20.0,UPI,3.0,3.1,0,Delivered
CUST1156,34.0,Female,Mumbai,2025-01-13,2025-03-26,Grocery,123.12,1,5.0,UPI,8.0,4.1,0,Delivered
CUST1103,19.0,Female,Pune,2025-03-22,2025-12-26,Grocery,112.34,2,10.0,Cash on Delivery,5.0,4.1,0,Delivered
CUST1001,27.0,Male,Hyderabad,2024-03-01,2024-07-27,Electronics,704.93,5,10.0,Credit Card,6.0,3.6,0,Delivered
CUST1180,42.0,Female,Mumbai,2025-03-07,2025-12-20,Home & Kitchen,200.0,1,10.0,Debit Card,7.0,4.3,1,Returned
CUST1233,53.0,Male,Pune,2024-05-28,2024-09-30,Clothing,485.83,5,20.0,Debit Card,6.0,4.6,0,Delivered
CUST1198,41.0,Male,Jaipur,2024-11-18,2025-01-12,Beauty,153.82,5,5.0,Cash on Delivery,6.0,4.2,0,Delivered
CUST1146,31.0,Female,Hyderabad,2024-08-14,2025-06-29,Electronics,549.51,5,10.0,Cash on Delivery,4.0,5.0,0,Delivered
CUST1235,29.0,Male,,2024-10-08,2025-02-28,Beauty,164.32,2,25.0,Cash on Delivery,1.0,5.0,0,Delivered
CUST1149,20.0,Female,Hyderabad,2024-02-21,2024-06-11,Electronics,300.0,2,5.0,UPI,1.0,4.7,0,Delivered
CUST1191,44.0,Female,Delhi,2024-01-24,2024-02-16,Beauty,150.0,1,10.0,Debit Card,1.0,-1.0,0,Cancelled
CUST1065,29.0,Male,Mumbai,2024-11-11,2025-07-15,Beauty,150.0,1,15.0,Credit Card,3.0,5.0,1,Returned
CUST1227,18.0,Female,Hyderabad,2024-04-03,2024-08-24,Books,100.0,1,5.0,Debit Card,5.0,4.1,0,Delivered
CUST1166,49.0,Female,Ahmedabad,2025-03-10,2025-05-21,Electronics,300.0,5,10.0,Debit Card,2.0,5.0,0,Delivered
CUST1069,18.0,Male,Chennai,2024-07-24,2024-12-15,Beauty,231.46,1,10.0,Credit Card,1.0,5.0,0,Delivered
CUST1173,18.0,Female,Pune,2024-03-07,2024-09-19,Grocery,196.91,3,10.0,Credit Card,4.0,4.3,0,Delivered
CUST1093,33.0,Female,Chennai,2024-11-23,2025-04-20,Electronics,300.0,1,10.0,UPI,5.0,4.4,0,Delivered
CUST1008,41.0,Female,Hyderabad,2024-06-12,2024-09-04,Electronics,300.0,5,25.0,Net Banking,2.0,5.0,0,Delivered
CUST1159,18.0,Female,Chennai,2024-06-15,2024-09-13,Beauty,150.0,1,5.0,UPI,3.0,3.4,0,Delivered
CUST1177,41.0,F,Jaipur,2024-11-05,2025-10-19,Electronic,920.55,2,0.0,UPI,1.0,5.0,0,Delivered
CUST1214,45.0,Male,Ahmedabad,2024-09-27,2024-10-06,Clothing,403.1,5,5.0,Credit Card,5.0,4.1,0,Delivered
CUST1237,47.0,Male,Bengaluru,2024-03-01,2024-05-26,clothing,302.14,1,5.0,Credit Card,1.0,5.0,0,Cancelled
CUST1091,21.0,Female,Kolkata,2024-10-02,2025-06-14,Grocery,250.72,1,0.0,Net Banking,3.0,5.0,0,Delivered
CUST1160,,Male,Pune,2025-03-14,2025-10-02,Home & Kitchen,473.69,5,10.0,Credit Card,5.0,3.9,0,Delivered
CUST1148,37.0,Female,Chennai,2024-10-25,2025-03-27,Home & Kitchen,200.0,1,20.0,,6.0,3.6,0,Delivered
CUST1233,24.0,Male,Delhi,2024-01-01,2024-02-23,electronics,300.0,3,10.0,UPI,4.0,5.0,0,Delivered
CUST1009,46.0,Male,Pune,2024-04-27,2025-02-10,Grocery,107.45,4,15.0,Credit Card,6.0,3.8,1,Returned
CUST1236,40.0,Male,Jaipur,2025-05-09,2025-07-09,Home & Kitchen,219.01,3,20.0,Cash on Delivery,,4.7,0,Delivered
CUST1192,35.0,Female,Pune,2025-01-07,2025-02-26,Books,213.64,5,25.0,Debit Card,8.0,4.7,0,Delivered
CUST1184,32.0,Female,Kolkata,2025-01-17,2026-01-16,Clothing,1062.14,4,30.0,Cash on Delivery,9.0,3.6,0,Cancelled
CUST1042,18.0,Female,Bengaluru,2025-04-28,2025-10-09,Clothing,347.9,1,10.0,Debit Card,2.0,5.0,0,Delivered
CUST1201,44.0,Female,Pune,2025-04-15,2025-11-17,Electronics,340.22,5,30.0,Cash on Delivery,3.0,4.4,0,Delivered
CUST1067,19.0,Female,Bengaluru,2024-11-03,2025-02-11,Books,100.0,5,10.0,Cash on Delivery,5.0,5.0,0,Delivered
CUST1243,35.0,Female,Hyderabad,2024-09-28,2025-04-15,Clothing,300.0,5,5.0,Debit Card,7.0,3.9,0,Delivered
CUST1047,34.0,Female,Kolkata,2024-05-03,2024-05-03,Books,100.0,5,25.0,UPI,6.0,3.2,0,Delivered
CUST1191,22.0,Female,Pune,2024-06-09,2025-02-19,Clothing,300.0,1,30.0,Credit Card,1.0,4.0,0,Delivered
CUST1044,37.0,Male,Hyderabad,2024-04-29,2024-10-24,Grocery,60.14,5,5.0,Net Banking,2.0,5.0,0,Delivered
CUST1171,32.0,female,Delhi,2024-11-04,2025-01-30,Home & Kitchen,325.78,5,,Credit Card,5.0,4.4,0,Delivered
CUST1237,54.0,Male,Pune,2024-06-29,2025-03-09,Beauty,150.0,2,25.0,Net Banking,6.0,3.5,0,Cancelled
CUST1119,48.0,Female,Chennai,2024-10-24,2025-10-08,Electronics,300.0,2,10.0,Cash on Delivery,7.0,4.1,0,Delivered
CUST1102,39.0,Male,Jaipur,2024-03-23,2024-07-10,Books,100.0,1,10.0,Debit Card,5.0,4.7,1,Returned
CUST1247,43.0,MALE,Ahmedabad,2025-01-30,2025-07-26,Home & Kitchen,290.12,1,10.0,Cash on Delivery,4.0,4.3,0,Delivered
CUST1067,41.0,Female,Patna,2024-09-10,2025-04-07,Home & Kitchen,200.0,2,25.0,Debit Card,1.0,3.9,0,Delivered
CUST1166,32.0,Female,Ahmedabad,2024-07-03,2024-07-08,Electronics,409.67,3,30.0,,3.0,5.0,0,Delivered
CUST1191,27.0,Female,Chennai,2024-06-02,2024-12-27,Clothing,519.76,5,25.0,UPI,9.0,2.6,0,Delivered
CUST1079,34.0,Male,Ahmedabad,2024-09-24,2025-02-19,Beauty,339.67,3,20.0,Debit Card,6.0,4.0,0,Delivered
CUST1096,30.0,Male,Bengaluru,2024-07-04,2024-12-18,Books,180.33,1,10.0,Cash on Delivery,3.0,4.4,0,Delivered
CUST1050,47.0,Female,Delhi,2024-01-20,2024-02-02,Home & Kitchen,251.72,2,0.0,Credit Card,3.0,3.8,0,Delivered
CUST1068,45.0,Female,Chennai,2024-12-14,2025-06-27,Books,100.0,1,0.0,Cash on Delivery,4.0,5.0,0,Delivered
CUST1132,29.0,Female,Hyderabad,2024-12-27,2025-12-15,Beauty,150.0,1,0.0,Cash on Delivery,7.0,4.2,0,Delivered
CUST1107,31.0,Male,Bengaluru,2024-04-28,2024-09-17,Grocery,87.88,1,15.0,UPI,3.0,5.0,0,Delivered
CUST1215,28.0,Female,Ahmedabad,2024-11-14,2025-05-13,Clothing,391.41,1,30.0,Credit Card,3.0,5.0,1,Returned
CUST1209,30.0,Male,Mumbai,2025-03-17,2025-07-24,Beauty,150.0,4,10.0,Net Banking,1.0,5.0,0,Delivered
CUST1213,29.0,Female,Patna,2024-02-29,2024-05-26,Beauty,150.0,1,20.0,Cash on Delivery,7.0,3.8,0,Delivered
CUST1096,50.0,Male,Patna,2024-03-09,2024-06-02,Home & Kitchen,270.49,1,10.0,Debit Card,6.0,4.9,1,Returned
CUST1115,29.0,Female,Chennai,2024-09-04,2025-06-06,Grocery,104.6,5,,Credit Card,7.0,4.8,0,Delivered
CUST1129,30.0,Male,Delhi,2024-05-29,2025-05-25,Grocery,69.24,1,25.0,Cash on Delivery,3.0,4.1,0,Delivered
CUST1032,28.0,Male,Patna,2024-08-19,2025-04-04,Books,100.0,1,10.0,Cash on Delivery,3.0,4.0,0,Delivered
CUST1112,25.0,Female,Delhi,2024-02-12,2024-11-01,Grocery,169.58,2,10.0,UPI,6.0,4.1,0,Delivered
CUST1154,18.0,Female,Pune,2024-08-15,2025-05-12,Home & Kitchen,225.43,1,30.0,Cash on Delivery,7.0,4.2,0,Delivered
CUST1205,33.0,Female,Pune,2025-05-01,2025-09-02,Electronics,300.0,1,0.0,Net Banking,4.0,5.0,0,Delivered
CUST1039,21.0,Female,Pune,2024-07-29,2024-10-13,Beauty,150.0,2,5.0,UPI,1.0,5.0,0,Delivered
CUST1096,35.0,,Hyderabad,2025-01-19,2025-07-16,Electronics,716.38,5,15.0,Debit Card,8.0,4.4,1,Returned
CUST1003,36.0,Male,Pune,2024-02-23,2024-04-09,Beauty,214.08,4,0.0,UPI,9.0,3.9,0,Delivered
CUST1038,26.0,Female,Mumbai,2024-11-08,2025-03-04,Home & Kitchen,200.0,2,20.0,Debit Card,5.0,4.4,0,Delivered
CUST1031,34.0,Female,Ahmedabad,2025-03-09,2025-09-21,Beauty,362.62,3,20.0,Net Banking,4.0,4.2,0,Delivered
CUST1082,45.0,Male,Patna,2024-04-12,2025-01-09,Home & Kitchen,200.0,3,,Net Banking,6.0,2.8,0,Delivered
CUST1108,30.0,female,Mumbai,2024-11-01,2025-04-20,Home & Kitchen,200.0,1,15.0,Credit Card,5.0,4.3,0,Delivered
CUST1095,54.0,Female,Ahmedabad,2025-01-06,2025-05-23,Electronics,300.0,1,5.0,UPI,5.0,3.1,0,Delivered
CUST1141,51.0,Female,Pune,2025-01-21,2025-11-09,Home & Kitchen,200.0,2,15.0,Cash on Delivery,4.0,4.2,0,Delivered
CUST1016,23.0,Female,Mumbai,2024-07-25,2025-04-21,books,180.46,1,5.0,Cash on Delivery,7.0,4.3,0,Delivered
CUST1023,34.0,Male,Kolkata,2024-11-01,2025-03-04,Home & Kitchen,60000.0,1,0.0,UPI,,3.9,0,Delivered
CUST1083,28.0,Male,,2024-03-20,2025-03-07,Electronics,330.41,2,5.0,Debit Card,4.0,5.0,0,Delivered
CUST1192,46.0,Female,Hyderabad,2024-11-21,2025-02-02,Beauty,174.2,1,30.0,Cash on Delivery,3.0,,0,Delivered
CUST1202,18.0,,Mumbai,2025-04-01,2025-04-01,Electronics,300.0,1,,Cash on Delivery,1.0,5.0,0,Delivered
CUST1011,48.0,Female,Kolkata,2024-11-25,2025-08-16,Home & Kitchen,405.53,1,15.0,Credit Card,4.0,5.0,0,Cancelled
CUST1234,20.0,Female,Hyderabad,2024-10-12,2025-05-29,Clothing,300.0,1,,Net Banking,3.0,5.0,0,Delivered
CUST1208,24.0,female,Chennai,2024-05-21,2024-12-13,Beauty,238.7,4,25.0,Credit Card,3.0,5.0,0,Delivered
CUST1223,46.0,Male,Kolkata,2024-02-13,2025-01-06,Beauty,150.0,2,10.0,Net Banking,1.0,5.0,0,Delivered
CUST1054,39.0,Male,Jaipur,2024-12-10,2025-03-18,Clothing,1603.33,4,25.0,Net Banking,4.0,5.0,0,Delivered
CUST1078,33.0,Female,Chennai,2025-04-29,2025-04-29,Grocery,50.0,1,10.0,,2.0,5.0,0,Delivered
CUST1192,54.0,Male,Delhi,2025-05-07,2025-09-04,Clothing,300.0,1,10.0,Cash on Delivery,10.0,4.0,0,Delivered
CUST1033,30.0,Female,Mumbai,2024-08-03,2025-05-22,Electronics,300.0,1,10.0,Cash on Delivery,6.0,4.3,0,Delivered
CUST1139,18.0,Male,Delhi,2024-10-30,2025-08-01,Electronics,595.08,2,5.0,Credit Card,,4.5,0,Delivered
CUST1180,46.0,Male,Bengaluru,2025-03-17,2025-06-20,Home & Kitchen,200.0,1,30.0,Credit Card,2.0,5.0,1,Returned
CUST1147,,Female,Delhi,2024-05-01,2025-04-05,Electronics,448.68,4,10.0,Cash on Delivery,6.0,5.0,0,Delivered
CUST1118,22.0,Female,Pune,2025-03-19,2025-07-09,Home & Kitchen,200.0,2,15.0,Cash on Delivery,8.0,4.4,1,Returned
CUST1126,,FEMALE,Pune,2025-05-10,2026-02-11,Books,100.0,2,15.0,Cash on Delivery,4.0,3.7,0,Delivered
CUST1179,43.0,Male,Ahmedabad,2025-02-23,2025-10-19,Electronics,300.0,1,15.0,UPI,5.0,5.0,0,Delivered
CUST1218,20.0,Female,bengaluru,2024-02-19,2025-01-20,books,177.6,4,10.0,Debit Card,1.0,,0,Delivered
CUST1119,21.0,female,Pune,2024-05-27,2025-03-02,Home & Kitchen,200.0,2,10.0,Net Banking,6.0,3.1,0,Delivered
CUST1218,42.0,Male,Patna,2024-09-26,2024-12-13,Beauty,262.0,1,0.0,Net Banking,5.0,4.3,0,Delivered
CUST1004,31.0,Male,Patna,2025-01-04,2025-12-10,Home & Kitchen,328.12,1,5.0,Credit Card,4.0,5.0,0,Delivered
CUST1063,27.0,,Chennai,2024-12-21,2025-11-07,Grocery,357.24,1,30.0,UPI,4.0,3.0,0,Delivered
CUST1067,24.0,Male,Jaipur,2024-05-05,2025-02-05,Books,132.97,5,10.0,Cash on Delivery,3.0,5.0,0,Delivered
CUST1035,23.0,Male,Patna,2024-04-29,2025-03-20,clothing,307.56,4,30.0,Net Banking,7.0,4.5,0,Delivered
CUST1010,36.0,Female,Mumbai,2025-01-23,2025-08-03,Beauty,237.67,1,20.0,Net Banking,3.0,5.0,0,Delivered
CUST1124,40.0,Female,Chennai,2025-02-02,2025-09-17,Home & Kitchen,379.77,4,20.0,Credit Card,1.0,5.0,0,Delivered
CUST1199,19.0,Male,Hyderabad,2025-02-08,2025-12-20,Clothing,300.0,2,0.0,UPI,6.0,5.0,0,Cancelled
CUST1226,34.0,Male,Mumbai,2024-12-02,2025-02-10,Electronics,317.29,3,10.0,UPI,4.0,3.7,0,Delivered
CUST1136,21.0,,Bengaluru,2025-03-31,2025-07-08,Grocery,99.31,2,0.0,Net Banking,3.0,4.9,0,Delivered
CUST1117,30.0,Male,Jaipur,2024-08-14,2025-07-31,Home & Kitchen,200.0,1,15.0,Debit Card,4.0,4.8,0,Delivered
CUST1109,31.0,Male,Jaipur,2025-01-02,2025-07-18,Electronics,643.78,1,15.0,UPI,6.0,4.2,1,Returned
CUST1064,41.0,Male,Patna,2024-11-13,2025-08-30,Electronics,300.0,1,15.0,Debit Card,4.0,4.0,0,Delivered
CUST1110,35.0,Female,Jaipur,2025-01-17,2025-04-23,Books,155.47,1,30.0,Cash on Delivery,2.0,4.3,1,Returned
CUST1193,25.0,Female,,2024-12-20,2025-05-06,Grocery,50.0,4,10.0,Net Banking,4.0,5.0,0,Delivered
CUST1196,21.0,FEMALE,Bengaluru,2025-04-08,2025-08-27,Books,159.66,2,30.0,Net Banking,2.0,5.0,0,Delivered
CUST1034,30.0,Female,Kolkata,2025-04-10,2025-09-01,Grocery,98.14,1,30.0,Credit Card,5.0,4.6,0,Delivered
CUST1242,51.0,Female,Kolkata,2024-12-24,2025-10-07,Clothing,300.0,3,5.0,Cash on Delivery,5.0,5.0,0,Delivered
CUST1001,36.0,Male,Mumbai,2024-06-03,2025-02-05,Books,132.42,2,20.0,UPI,4.0,4.6,0,Delivered
CUST1015,38.0,Male,Delhi,2024-08-06,2024-08-17,Books,100.0,3,25.0,Debit Card,5.0,4.1,0,Delivered
CUST1119,23.0,F,Patna,2025-04-09,2025-05-30,Electronics,329.22,1,0.0,UPI,4.0,3.3,0,Delivered
CUST1062,25.0,,Patna,2024-10-20,2025-06-15,Clothing,545.63,1,20.0,Net Banking,2.0,5.0,0,Delivered
CUST1091,40.0,Female,Hyderabad,2024-04-18,2025-02-24,Clothing,300.0,4,15.0,Net Banking,,5.0,0,Delivered
CUST1120,28.0,Female,Mumbai,2025-01-24,2025-05-10,Home & Kitchen,559.57,1,25.0,Cash on Delivery,2.0,3.9,0,Delivered
CUST1195,34.0,Male,Jaipur,2024-03-18,2024-06-30,Home & Kitchen,200.0,1,0.0,UPI,3.0,4.7,0,Delivered
CUST1116,36.0,M,Jaipur,2024-03-24,2024-04-14,Clothing,449.55,1,10.0,UPI,1.0,4.7,0,Delivered
CUST1055,23.0,Male,Patna,2024-03-28,2024-07-02,Home & Kitchen,311.61,5,30.0,Cash on Delivery,6.0,4.8,0,Delivered
CUST1070,30.0,Male,Chennai,2024-01-26,2024-06-13,Home & Kitchen,484.42,1,20.0,Credit Card,2.0,4.9,0,Delivered
CUST1189,28.0,Female,Kolkata,2024-10-08,2025-07-19,Beauty,150.0,1,25.0,,3.0,4.3,0,Delivered
CUST1072,40.0,F,Patna,2025-01-23,2025-08-18,Beauty,150.0,4,10.0,Cash on Delivery,4.0,4.0,0,Delivered
CUST1132,37.0,Female,Mumbai,2024-08-14,2025-01-14,Books,126.76,2,20.0,UPI,7.0,3.5,1,Returned
CUST1141,18.0,Female,Ahmedabad,2024-07-01,2025-03-08,Books,100.0,1,25.0,Debit Card,6.0,4.1,0,Delivered
CUST1044,34.0,Female,Bengaluru,2024-01-13,2024-06-25,Electronics,300.0,3,30.0,Debit Card,5.0,4.8,0,Cancelled
CUST1074,26.0,female,Hyderabad,2024-06-04,2025-02-13,Electronics,729.64,1,15.0,UPI,3.0,4.0,0,Delivered
CUST1176,30.0,Female,Bengaluru,2025-01-15,2025-06-08,Clothing,300.0,4,10.0,Credit Card,4.0,4.8,0,Delivered
CUST1215,18.0,Female,Mumbai,2024-10-11,2024-10-14,Clothing,300.0,1,10.0,Debit Card,2.0,4.7,0,Delivered
CUST1088,31.0,Female,Kolkata,2024-01-08,2024-12-05,Grocery,119.9,5,0.0,Net Banking,6.0,4.9,0,Delivered
CUST1045,36.0,Female,Patna,2024-05-27,2025-01-21,Books,100.0,4,10.0,Cash on Delivery,6.0,4.7,0,Delivered
CUST1092,34.0,Male,Jaipur,2025-01-01,2025-11-09,Electronics,300.0,1,0.0,Debit Card,4.0,4.2,0,Delivered
CUST1028,42.0,Male,Ahmedabad,2025-02-23,2025-06-01,Beauty,150.0,2,25.0,Credit Card,6.0,4.2,0,Delivered
CUST1055,30.0,Female,Mumbai,2024-11-21,2025-10-05,Home & Kitchen,200.0,2,5.0,Credit Card,7.0,3.4,1,Returned
CUST1067,55.0,Male,Patna,2024-08-19,2025-03-01,Grocery,152.57,2,20.0,UPI,6.0,4.7,0,Delivered
CUST1180,24.0,Male,Kolkata,2024-10-04,2025-06-25,Grocery,263.9,1,0.0,Credit Card,4.0,5.0,0,Delivered
CUST1057,39.0,Male,Delhi,2024-03-26,2024-08-05,Beauty,150.0,4,15.0,Net Banking,5.0,3.3,0,Delivered
CUST1125,21.0,Female,Patna,2024-12-01,2025-01-07,Clothing,443.78,1,25.0,,1.0,5.0,0,Delivered
CUST1213,31.0,Female,Ahmedabad,2024-12-07,2024-12-18,Clothes,699.98,5,25.0,Net Banking,2.0,5.0,1,Returned
CUST1054,47.0,FEMALE,Delhi,2024-07-20,2025-03-18,Books,184.81,2,0.0,Credit Card,2.0,4.9,0,Cancelled
CUST1095,62.0,Male,Hyderabad,2024-03-07,2024-06-14,Books,259.11,2,15.0,Debit Card,6.0,3.5,0,Delivered
CUST1003,32.0,Female,Jaipur,2024-06-19,2024-11-24,Beauty,150.0,1,25.0,Net Banking,5.0,4.1,0,Delivered
CUST1018,30.0,Female,Bengaluru,2024-01-15,2024-07-08,Beauty,166.35,5,15.0,Net Banking,7.0,3.4,0,Delivered
CUST1169,-5.0,Male,Ahmedabad,2024-08-01,2024-09-19,Grocery,245.8,5,10.0,Credit Card,3.0,4.0,0,Delivered
CUST1044,36.0,Female,Ahmedabad,2024-08-05,2025-03-14,Clothing,792.1,1,30.0,Net Banking,4.0,4.0,0,Delivered
CUST1069,18.0,Male,Chennai,2024-07-24,2024-12-15,Beauty,231.46,1,10.0,Credit Card,1.0,5.0,0,Delivered
CUST1032,35.0,Male,Patna,2025-01-09,2025-01-24,Books,100.0,1,25.0,UPI,2.0,4.8,0,Delivered
CUST1185,25.0,Female,Bengaluru,2025-02-27,2025-05-29,Books,236.26,4,,UPI,3.0,4.6,0,Delivered
CUST1106,26.0,Female,Delhi ,2024-03-21,2024-08-17,Home & Kitchen,-100.0,2,10.0,Cash on Delivery,3.0,4.4,0,Delivered
CUST1135,28.0,Female,Kolkata,2024-04-23,2024-09-08,Electronics,527.8,2,10.0,,5.0,4.7,0,Delivered
CUST1204,43.0,Male,Jaipur,2024-07-12,2025-06-12,Grocery,425.38,1,10.0,Net Banking,6.0,3.4,0,Delivered
CUST1097,25.0,Female,Chennai,2024-04-05,2024-11-17,Grocery,50.0,1,25.0,Cash on Delivery,2.0,4.6,0,Delivered
CUST1019,26.0,MALE,Mumbai,2025-04-10,2025-09-07,Clothing,651.69,3,20.0,Net Banking,4.0,4.1,0,Delivered
CUST1208,34.0,Male,Patna,2024-06-18,2024-09-07,grocery,50.0,1,15.0,Net Banking,4.0,4.9,1,Returned
CUST1199,18.0,Female,Chennai,2024-04-19,2024-06-24,Home & Kitchen,251.09,3,20.0,Cash on Delivery,5.0,5.0,0,Delivered
CUST1200,31.0,Female,Kolkata,2025-02-25,2025-07-11,Home & Kitchen,326.76,4,30.0,Net Banking,2.0,5.0,0,Delivered
CUST1052,38.0,Female,Pune,2025-01-03,2025-02-16,Books,100.0,5,15.0,Debit Card,5.0,4.4,0,Delivered
CUST1131,43.0,Female,Pune,2024-12-20,2025-07-07,Electronic,300.0,2,10.0,Cash on Delivery,4.0,4.9,0,Delivered
CUST1065,,Male,Hyderabad,2024-09-25,2024-10-15,Home and Kitchen,239.55,1,15.0,Net Banking,7.0,3.6,0,Delivered
CUST1151,23.0,Female,Jaipur,2024-04-14,2025-03-03,Grocery,123.07,1,25.0,Net Banking,5.0,3.8,0,Delivered
CUST1138,33.0,Female,Pune,2024-11-01,2025-06-18,Electronics,300.0,1,10.0,Debit Card,2.0,4.5,0,Cancelled
CUST1054,32.0,Male,Pune,2024-03-05,2024-06-12,Clothing,300.0,1,30.0,Cash on Delivery,4.0,4.6,0,Delivered
CUST1163,39.0,Female,Ahmedabad,2024-08-03,2024-08-05,Home & Kitchen,416.67,5,10.0,UPI,3.0,4.2,0,Delivered
CUST1039,42.0,Female,Ahmedabad,2025-01-21,2025-06-07,Clothing,300.0,1,5.0,Debit Card,5.0,3.6,0,Delivered
CUST1220,36.0,Female,Hyderabad,2024-04-19,2024-07-13,Electronics,562.94,1,30.0,UPI,5.0,3.9,1,Returned
CUST1181,39.0,Female,Pune,2024-09-22,2025-08-15,Books,134.75,2,0.0,UPI,7.0,3.4,0,Delivered
CUST1134,29.0,Male,Chennai,2024-08-03,2024-12-26,Clothing,793.22,1,0.0,UPI,1.0,5.0,0,Delivered
CUST1127,37.0,Female,Mumbai,2024-11-22,2025-07-04,Books,102.04,4,5.0,Debit Card,1.0,5.0,0,Delivered
CUST1187,34.0,Male,Hyderabad,2024-08-07,2024-09-28,Beauty,150.0,3,10.0,,3.0,4.3,0,Delivered
CUST1164,29.0,Male,Mumbai,2024-01-11,2024-08-03,Home & Kitchen,200.0,4,25.0,Net Banking,2.0,4.3,0,Delivered
CUST1117,38.0,Male,Kolkata,2025-02-21,2025-06-08,Beauty,196.29,2,20.0,Net Banking,7.0,3.9,0,Delivered
CUST1035,40.0,Male,Bengaluru,2025-04-13,2025-12-23,Home & Kitchen,200.0,2,15.0,Net Banking,2.0,4.4,0,Delivered
CUST1032,37.0,Female,Pune,2024-09-25,2025-07-24,Books,135.82,4,20.0,Credit Card,6.0,4.1,0,Delivered
CUST1193,,female,Patna,2024-04-01,2024-08-17,Electronics,301.93,1,0.0,Credit Card,9.0,4.0,1,Returned
CUST1002,41.0,Female,Mumbai ,2024-01-22,2024-06-23,Beauty,150.0,1,25.0,Cash on Delivery,4.0,4.6,0,Delivered
CUST1237,47.0,Female,Chennai,2024-08-22,2025-06-06,Home & Kitchen,258.29,3,30.0,UPI,2.0,4.9,0,Delivered
CUST1227,32.0,Male,Patna,2024-09-18,2025-09-16,Electronic,300.0,1,25.0,Credit Card,6.0,3.4,0,Delivered
CUST1072,51.0,Male,Patna,2024-12-08,2025-11-05,Electronics,544.93,2,25.0,Debit Card,2.0,5.0,0,Delivered
CUST1085,19.0,Male,Hyderabad,2024-11-10,2025-09-02,Home & Kitchen,200.0,5,5.0,Cash on Delivery,4.0,3.6,0,Cancelled
CUST1169,33.0,Female,delhi,2024-06-30,2025-06-03,Beauty,155.79,1,30.0,UPI,3.0,5.0,0,Cancelled
CUST1139,25.0,FEMALE,Mumbai,2024-07-02,2024-07-21,Grocery,105.44,1,20.0,UPI,4.0,4.9,0,Delivered
CUST1216,29.0,Male,jaipur,2024-11-20,2025-09-28,Home & Kitchen,228.9,1,10.0,UPI,4.0,4.3,0,Delivered
CUST1035,37.0,Male,Hyderabad,2024-08-15,2025-05-14,Clothing,300.0,5,0.0,Net Banking,1.0,5.0,0,Delivered
CUST1235,32.0,Female,Jaipur ,2024-03-27,2024-04-10,Home & Kitchen,567.47,4,10.0,Debit Card,7.0,3.5,0,Delivered
CUST1224,41.0,,Bengaluru,2025-03-17,2025-03-23,Home & Kitchen,200.0,2,0.0,Cash on Delivery,6.0,3.2,0,Delivered
CUST1132,37.0,Male,Delhi,2024-07-23,2025-06-24,Home & Kitchen,472.77,3,10.0,Debit Card,1.0,4.6,0,Delivered
CUST1068,38.0,Female,Chennai,2024-06-12,2024-08-08,Books,100.0,2,10.0,Net Banking,5.0,5.0,0,Delivered
CUST1150,39.0,Male,Pune,2024-12-15,2025-09-11,Beauty,231.3,1,10.0,Cash on Delivery,3.0,4.2,1,Returned
CUST1056,54.0,Male,Bengaluru,2024-10-31,2025-07-26,Books,249.49,3,0.0,Credit Card,3.0,5.0,0,Delivered
CUST1218,38.0,Male,Jaipur,2025-04-24,2025-08-30,Electronics,300.0,1,15.0,Cash on Delivery,1.0,3.9,0,Delivered
CUST1103,32.0,Female,Hyderabad,2024-05-30,2024-11-02,Books,108.11,3,5.0,Credit Card,5.0,4.8,0,Delivered
CUST1094,35.0,Female,Hyderabad,2025-01-29,2025-08-23,books,158.24,5,,Cash on Delivery,2.0,5.0,0,Delivered
CUST1057,31.0,Female,Delhi,2024-11-13,2025-03-29,Electronic,300.0,2,0.0,Debit Card,4.0,3.9,0,Delivered
CUST1047,32.0,Female,Bengaluru,2024-08-21,2025-01-30,Grocery,197.41,2,15.0,Debit Card,4.0,5.0,0,Delivered
CUST1235,21.0,male,Jaipur,2024-01-29,2024-05-16,Grocery,85.58,1,25.0,UPI,6.0,4.5,0,Delivered
CUST1008,18.0,M,Hyderabad,2024-04-04,2025-02-23,Beauty,150.0,2,15.0,UPI,8.0,3.8,0,Delivered
CUST1146,30.0,Female,Delhi,2024-09-29,2025-04-04,Grocery,142.79,1,15.0,Net Banking,5.0,3.2,0,Delivered
CUST1063,27.0,Female,patna,2024-06-28,2024-08-06,Home & Kitchen,200.0,5,15.0,Credit Card,2.0,5.0,0,Delivered
CUST1140,24.0,Female,Chennai,2024-10-17,2025-09-13,Books,114.61,3,15.0,,1.0,5.0,1,Returned
CUST1232,41.0,Male,Patna,2024-10-04,2025-09-21,Beauty,341.78,1,15.0,Cash on Delivery,3.0,4.0,0,Delivered
CUST1167,55.0,Female,Hyderabad,2024-05-12,2024-07-05,Books,100.0,2,20.0,Debit Card,4.0,4.2,0,Delivered
CUST1104,29.0,FEMALE,Pune,2024-05-26,2025-02-04,Electronics,300.0,2,15.0,Net Banking,4.0,5.0,0,Delivered
CUST1087,27.0,Female,Mumbai,2024-04-01,2024-04-22,Books,157.83,2,10.0,,6.0,3.0,0,Delivered
CUST1223,23.0,Male,Chennai,2025-02-05,2025-03-14,Grocery,271.05,1,25.0,UPI,,4.3,0,Delivered
CUST1218,45.0,Male,Jaipur,2024-01-09,2024-02-07,Home & Kitchen,200.0,1,15.0,Net Banking,4.0,5.0,0,Delivered
CUST1236,30.0,Male,Hyderabad,2024-09-27,2025-01-27,Clothing,300.0,5,0.0,Cash on Delivery,4.0,4.7,0,Delivered
CUST1244,28.0,Male,Chennai,2024-01-09,2024-03-01,Books,100.0,2,20.0,Net Banking,1.0,4.7,0,Delivered
CUST1156,32.0,Male,Pune,2024-12-02,2025-02-23,Clothing,300.0,1,0.0,Debit Card,6.0,4.2,0,Delivered
CUST1175,28.0,Female,Patna,2024-11-19,2025-04-28,Books,149.64,4,10.0,Net Banking,2.0,4.6,0,Delivered
CUST1049,48.0,Male,Hyderabad,2024-10-19,2025-08-01,Grocery,298.01,1,0.0,Credit Card,8.0,4.8,0,Delivered
CUST1242,27.0,Male,Hyderabad,2024-04-17,2024-11-28,Grocery,66.35,1,25.0,Debit Card,1.0,5.0,0,Delivered
CUST1187,39.0,Male,Pune,2024-08-31,2025-08-17,Home & Kitchen,348.57,2,30.0,UPI,3.0,4.3,0,Delivered
CUST1206,38.0,Male,Patna,2024-04-09,2025-01-22,Grocery,152.19,3,20.0,Net Banking,3.0,4.8,0,Delivered
CUST1199,33.0,Male,Hyderabad,2024-08-19,2025-04-22,Home & Kitchen,200.0,3,25.0,Cash on Delivery,7.0,4.0,0,Delivered
CUST1173,41.0,Female,Ahmedabad,2024-06-06,2024-10-17,Books,100.0,1,30.0,Cash on Delivery,5.0,4.0,0,Cancelled
CUST1030,24.0,Male,Mumbai,2024-06-28,2025-06-20,Beauty,185.61,1,25.0,Cash on Delivery,3.0,4.6,0,Delivered
CUST1020,,Male,Mumbai,2024-04-20,2024-11-15,grocery,82.51,1,5.0,Debit Card,7.0,3.8,0,Delivered
CUST1232,,Female,Bengaluru,2024-06-10,2024-08-16,Beauty,244.97,5,,Credit Card,4.0,5.0,0,Delivered
CUST1134,18.0,Female,Mumbai,2024-08-08,2025-06-07,Electronics,611.67,4,15.0,UPI,6.0,4.1,0,Delivered
CUST1081,30.0,Male,Chennai,2024-11-03,2025-03-28,Clothing,417.48,1,20.0,UPI,5.0,4.3,0,Delivered
CUST1053,26.0,Male,Patna,2024-05-14,2024-07-10,Electronic,300.0,1,5.0,Credit Card,5.0,4.3,0,Delivered
CUST1041,36.0,Female,Chennai,2024-06-01,2024-08-15,Beauty,150.0,4,15.0,Net Banking,7.0,5.0,0,Delivered
CUST1227,25.0,Male,Hyderabad,2024-06-16,2024-12-08,Grocery,166.92,3,10.0,Debit Card,4.0,3.3,0,Delivered
CUST1183,31.0,Male,Mumbai,2024-09-23,2025-02-16,Home & Kitchen,424.8,1,15.0,Cash on Delivery,7.0,3.5,0,Delivered
CUST1026,39.0,Female,Hyderabad,2024-08-27,2025-08-20,Beauty,261.89,1,25.0,Cash on Delivery,2.0,4.4,0,Delivered
CUST1225,36.0,Female,Patna,2024-07-11,2024-10-17,Clothing,635.32,1,25.0,Cash on Delivery,6.0,,0,Delivered
CUST1194,53.0,Female,Pune,2025-05-11,2025-07-24,Beauty,195.05,1,10.0,Debit Card,6.0,3.4,1,Returned
CUST1077,43.0,Female,Patna,2024-05-29,2024-06-13,Clothing,1191.49,2,30.0,UPI,1.0,5.0,1,Returned
CUST1211,18.0,Male,Kolkata,2024-12-09,2025-06-29,Grocery,258.29,1,25.0,Cash on Delivery,1.0,4.3,0,Delivered
CUST1170,19.0,Male,Chennai,2024-06-04,2024-08-16,Home & Kitchen,359.2,3,0.0,UPI,3.0,4.5,0,Delivered
CUST1152,28.0,Male,Chennai,2025-02-11,2026-02-09,Electronics,300.0,1,20.0,Credit Card,6.0,3.7,0,Delivered
CUST1055,24.0,Male,Ahmedabad,2024-12-23,2025-12-06,Grocery,84.04,2,0.0,UPI,4.0,4.7,0,Delivered
CUST1208,19.0,Female,Delhi ,2024-06-09,2024-06-13,Grocery,53.43,2,20.0,Debit Card,1.0,,1,Returned
CUST1143,27.0,M,Jaipur,2024-08-28,2025-04-29,Clothing,672.84,5,10.0,Credit Card,4.0,4.0,0,Delivered
CUST1245,-1.0,Male,Mumbai,2024-01-01,2024-05-10,Grocery,82.41,1,15.0,Cash on Delivery,3.0,5.0,0,Delivered
CUST1231,34.0,M,Hyderabad,2024-02-06,2024-03-29,Clothing,358.23,1,25.0,,4.0,4.4,0,Delivered
CUST1060,,Male,Kolkata,2024-09-19,2025-08-20,Grocery,158.32,1,15.0,Debit Card,3.0,5.0,0,Delivered
CUST1206,20.0,Male,,2025-01-22,2025-01-23,Clothing,300.0,3,20.0,Net Banking,5.0,3.4,1,Returned
CUST1011,18.0,Male,Kolkata,2024-03-01,2024-07-25,Clothing,967.16,3,0.0,Cash on Delivery,5.0,5.0,1,Returned
CUST1234,26.0,Male,Mumbai,2024-01-07,2024-08-23,Grocery,252.87,2,15.0,UPI,1.0,5.0,0,Delivered
CUST1220,30.0,Male,,2024-09-07,2025-05-14,Beauty,150.0,1,30.0,UPI,5.0,4.6,0,Delivered
CUST1130,31.0,Male,Chennai,2024-01-24,2024-05-01,Books,100.0,3,10.0,Credit Card,5.0,5.0,1,Returned
CUST1223,40.0,Female,Bengaluru,2024-03-19,2024-06-04,Clothing,300.0,1,10.0,Debit Card,6.0,3.5,0,Delivered
CUST1213,38.0,Female,Jaipur,2024-06-19,2024-08-20,Clothing,300.0,1,10.0,Net Banking,2.0,4.9,0,Delivered
CUST1168,24.0,Male,PATNA,2024-10-26,2025-02-12,Grocery,88.87,2,0.0,UPI,3.0,5.0,0,Delivered
CUST1105,26.0,Female,Bengaluru,2024-12-11,2025-01-30,Clothing,300.0,5,30.0,Debit Card,8.0,4.0,0,Delivered
CUST1111,18.0,Female,Jaipur,2024-08-26,2025-01-20,Home and Kitchen,200.0,1,10.0,Credit Card,4.0,4.6,0,Delivered
CUST1197,39.0,Male,Delhi,2024-02-13,2024-07-16,Beauty,205.32,1,5.0,Net Banking,4.0,3.9,0,Delivered
CUST1050,30.0,Female,Jaipur,2024-04-25,2025-04-11,Beauty,234.56,1,20.0,UPI,4.0,3.5,0,Delivered
CUST1182,18.0,Male,Delhi,2024-09-16,2024-09-18,Grocery,235.24,5,30.0,UPI,7.0,4.7,0,Delivered
CUST1198,21.0,Female,Kolkata,2024-05-29,2025-01-30,Books,100.0,1,15.0,Net Banking,7.0,4.6,0,Delivered
CUST1097,25.0,Female,Hyderabad,2024-06-18,2025-04-20,Home & Kitchen,200.0,5,10.0,Cash on Delivery,7.0,4.5,0,Delivered
CUST1134,18.0,Male,,2024-03-20,2024-10-18,Books,152.1,1,10.0,Credit Card,4.0,4.0,0,Delivered
CUST1116,48.0,Female,Pune,2025-02-27,2025-12-31,Electronics,300.0,5,15.0,Debit Card,4.0,4.2,0,Delivered
CUST1099,18.0,Male,Bengaluru,2024-01-31,2024-10-24,Books,241.35,1,30.0,Credit Card,,5.0,0,Delivered
CUST1132,26.0,Male,Pune,2024-11-25,2024-12-28,Electronics,428.62,2,20.0,Cash on Delivery,7.0,3.6,0,Delivered
CUST1110,36.0,Female,Ahmedabad,2024-03-16,2024-04-14,Books,100.0,1,20.0,Net Banking,5.0,4.0,0,Delivered
CUST1051,18.0,Female,Chennai,2024-11-07,2025-11-02,Beauty,347.08,1,10.0,Credit Card,4.0,4.0,0,Delivered
CUST1174,34.0,Female,Mumbai,2024-12-07,2025-05-06,Electronics,300.0,1,25.0,UPI,6.0,4.2,0,Delivered
CUST1228,,Female,Mumbai,2024-01-28,2024-03-29,Beauty,150.0,1,0.0,Credit Card,2.0,4.4,0,Delivered
CUST1071,42.0,Female,Hyderabad,2024-05-03,2024-08-31,Electronics,1265.95,2,10.0,Credit Card,5.0,5.0,0,Delivered
CUST1059,,Male,Hyderabad,2024-04-14,2024-11-27,Grocery,175.98,2,20.0,Net Banking,3.0,4.4,0,Delivered
CUST1189,26.0,Male,Mumbai,2024-04-05,2025-02-10,Clothing,300.0,2,25.0,Cash on Delivery,6.0,4.1,0,Delivered
CUST1030,43.0,Female,Hyderabad,2024-09-25,2025-03-14,Books,100.0,2,20.0,Net Banking,3.0,3.9,0,Delivered
CUST1122,26.0,Female,Mumbai,2024-10-20,2024-12-20,Grocery,117.03,3,20.0,Credit Card,8.0,2.5,0,Cancelled
CUST1165,34.0,FEMALE,Bengaluru,2024-03-08,2024-08-01,grocery,50.0,1,20.0,Cash on Delivery,6.0,3.7,0,Delivered
CUST1149,42.0,Female,Pune,2025-03-25,2026-01-15,Home & Kitchen,200.0,3,10.0,UPI,4.0,4.3,0,Delivered
CUST1220,,,Pune,2024-07-10,2024-08-18,Home & Kitchen,425.03,1,5.0,Cash on Delivery,5.0,4.6,0,Delivered
CUST1002,34.0,Male,Chennai,2024-08-16,2024-11-05,Electronics,300.0,5,10.0,UPI,2.0,5.0,0,Delivered
CUST1129,33.0,Male,Mumbai,2024-07-16,2025-02-11,Electronics,300.0,1,20.0,Debit Card,3.0,4.6,0,Delivered
CUST1099,27.0,Female,Bengaluru,2025-04-22,2025-07-17,Grocery,264.27,1,10.0,Credit Card,4.0,3.0,0,Delivered
CUST1216,29.0,Female,Hyderabad,2024-07-05,2025-05-12,Beauty,164.0,1,25.0,Credit Card,6.0,4.4,0,Cancelled
CUST1141,28.0,Male,Pune,2024-02-06,2024-04-19,Books,100.0,2,30.0,Net Banking,4.0,4.1,0,Delivered
CUST1002,44.0,Female,Delhi,2024-08-23,2025-02-21,Electronics,300.0,5,15.0,Net Banking,7.0,5.0,0,Delivered
CUST1045,34.0,Male,Kolkata,2024-06-27,2024-09-22,Clothing,416.62,1,0.0,Credit Card,4.0,3.9,1,Returned
CUST1119,33.0,Male,Pune,2024-09-19,2025-04-27,Clothing,854.32,2,15.0,Debit Card,2.0,4.5,0,Delivered
CUST1006,37.0,Male,Pune,2025-03-22,2025-08-08,Books,100.0,1,5.0,Debit Card,1.0,5.0,0,Delivered
CUST1061,19.0,Male,Jaipur,2024-04-22,2024-10-29,Books,280.98,1,30.0,Debit Card,3.0,5.0,0,Delivered
CUST1082,41.0,Female,Chennai,2025-04-03,2025-06-25,Grocery,281.7,1,15.0,Net Banking,4.0,5.0,0,Delivered
CUST1218,18.0,Male,Kolkata,2024-01-13,2024-08-11,Home & Kitchen,231.13,1,10.0,Cash on Delivery,7.0,3.1,0,Delivered
CUST1062,32.0,Male,Hyderabad,2024-09-03,2025-02-12,Books,100.0,2,15.0,Net Banking,6.0,4.1,0,Delivered
CUST1233,25.0,Female,Mumbai,2025-03-17,2025-05-07,Clothing,300.0,2,20.0,UPI,6.0,4.8,0,Delivered
CUST1170,23.0,Male,Delhi,2024-11-05,2025-04-25,Clothing,300.0,5,15.0,Credit Card,5.0,4.4,0,Delivered
CUST1190,18.0,Male,Mumbai,2024-07-01,2024-07-13,Grocery,128.94,4,0.0,Cash on Delivery,3.0,3.8,0,Delivered
CUST1068,34.0,Male,Bengaluru,2024-11-29,2024-12-07,Beauty,150.0,1,25.0,Cash on Delivery,1.0,4.7,0,Delivered
CUST1201,47.0,Male,Hyderabad,2024-02-22,2024-08-19,Books,100.0,3,0.0,Credit Card,2.0,5.0,0,Delivered
CUST1140,21.0,Male,Jaipur,2024-09-25,2025-03-24,Clothing,60000.0,5,25.0,Cash on Delivery,9.0,3.9,1,Returned
CUST1164,18.0,female,Kolkata,2024-02-26,2024-07-19,Beauty,150.0,4,5.0,UPI,1.0,4.4,0,Delivered
CUST1008,41.0,Female,Hyderabad,2024-06-12,2024-09-04,Electronics,300.0,5,25.0,Net Banking,2.0,5.0,0,Delivered
CUST1047,32.0,Female,Kolkata,2025-01-10,2025-06-12,Home & Kitchen,410.04,1,25.0,Credit Card,1.0,5.0,0,Delivered
CUST1161,18.0,Female,Jaipur,2025-01-19,2025-11-25,Beauty,150.0,3,10.0,Cash on Delivery,4.0,4.5,0,Delivered
CUST1245,18.0,Female,Patna,2024-10-19,2025-04-21,Clothing,300.0,1,25.0,UPI,3.0,4.1,0,Delivered
CUST1128,32.0,Male,Ahmedabad,2024-09-25,2025-08-15,Grocery,132.11,1,0.0,Debit Card,6.0,4.6,0,Delivered
CUST1235,36.0,Female,Chennai,2024-03-14,2024-09-16,Electronics,300.0,3,0.0,Cash on Delivery,3.0,5.0,0,Delivered
CUST1206,22.0,Male,Jaipur,2024-08-21,2024-10-05,books,100.0,5,20.0,Credit Card,6.0,4.4,0,Delivered
CUST1144,30.0,Female,Delhi,2024-11-02,2025-09-17,Grocery,92.59,2,0.0,Credit Card,7.0,4.1,0,Delivered
CUST1243,65.0,Female,Pune,2024-11-22,2025-07-20,Grocery,50.0,1,10.0,,4.0,4.0,0,Delivered
CUST1105,18.0,Male,Patna,2024-09-22,2025-03-22,Grocery,272.47,2,0.0,Credit Card,5.0,3.9,0,Delivered
CUST1174,31.0,Female,Delhi,2024-08-21,2024-10-10,Grocery,77.18,1,20.0,Credit Card,3.0,5.0,0,Delivered
CUST1203,26.0,Male,Chennai,2025-05-06,2025-12-20,Clothing,499.92,4,10.0,Debit Card,5.0,3.3,0,Cancelled
CUST1233,26.0,Male,Bengaluru,2024-03-04,2025-02-09,Beauty,150.0,1,10.0,Net Banking,1.0,4.3,0,Delivered
CUST1078,41.0,Male,Bengaluru,2024-11-14,2025-02-13,Electronics,300.0,1,30.0,Credit Card,3.0,3.0,0,Cancelled
CUST1027,36.0,Male,Hyderabad,2025-01-21,2026-01-04,Beauty,229.5,5,10.0,Net Banking,6.0,4.4,0,Delivered
CUST1001,45.0,Male,BANGALORE,2024-01-26,2025-01-02,Beauty,221.07,2,10.0,Debit Card,2.0,5.0,0,Delivered
CUST1099,18.0,Male,Bengaluru,2024-05-18,2025-02-24,Clothing,300.0,5,10.0,Cash on Delivery,3.0,4.0,0,Delivered
CUST1152,,Female,Kolkata,2024-09-16,2025-04-08,Grocery,50.0,1,25.0,Debit Card,3.0,,0,Delivered
CUST1094,24.0,Male,Chennai,2024-05-25,2025-04-08,Beauty,150.0,2,0.0,Cash on Delivery,7.0,4.4,0,Delivered
CUST1067,18.0,Male,Bengaluru,2025-02-28,2025-10-26,Home & Kitchen,200.0,1,25.0,UPI,6.0,3.8,0,Delivered
CUST1123,18.0,F,Delhi,2025-03-05,2025-03-31,Electronics,453.85,2,5.0,Net Banking,6.0,4.4,0,Delivered
CUST1090,26.0,Female,Ahmedabad,2024-08-08,2025-01-06,Beauty,150.0,4,25.0,Net Banking,2.0,3.8,0,Delivered
CUST1128,26.0,Male,Hyderabad,2024-08-26,2025-07-15,Electronics,346.14,5,10.0,Cash on Delivery,3.0,4.3,0,Delivered
CUST1023,25.0,Female,Kolkata,2025-01-03,2025-12-22,Electronics,300.0,2,20.0,Cash on Delivery,4.0,4.3,0,Delivered
CUST1210,41.0,Female,Hyderabad,2024-02-11,2024-11-09,Grocery,66.31,4,15.0,Net Banking,3.0,4.9,0,Delivered
CUST1115,21.0,Male,Hyderabad,2024-10-23,2025-10-19,Books,100.0,2,25.0,Credit Card,5.0,5.0,0,Delivered
CUST1087,22.0,Male,delhi,2025-04-26,2025-12-29,Electronics,540.18,2,30.0,Cash on Delivery,,4.2,0,Delivered
CUST1016,42.0,Male,Patna,2025-03-25,2026-01-29,Clothing,300.0,1,5.0,Net Banking,3.0,3.9,0,Delivered
CUST1111,43.0,Female,Ahmedabad,2025-04-02,2026-03-20,Grocery,575.0,1,30.0,Credit Card,8.0,2.6,1,Returned
CUST1158,33.0,Female,Patna,2024-12-05,2025-03-30,Grocery,153.96,3,,Net Banking,4.0,7.0,0,Delivered
CUST1104,26.0,Male,Jaipur,2024-10-03,2025-03-12,Clothing,300.0,2,5.0,UPI,1.0,5.0,0,Delivered
CUST1006,25.0,Female,Delhi,2024-08-24,2025-03-26,Books,282.53,3,20.0,Net Banking,1.0,5.0,0,Delivered
CUST1096,40.0,Female,Mumbai,2024-03-28,2025-01-27,Clothing,347.28,5,0.0,Cash on Delivery,5.0,4.2,1,Returned
CUST1160,27.0,Female,Bengaluru,2024-03-14,2024-05-03,Books,100.0,1,15.0,Cash on Delivery,3.0,3.9,0,Delivered
CUST1084,45.0,FEMALE,Kolkata,2024-03-02,2024-11-19,Home & Kitchen,204.89,5,15.0,Credit Card,5.0,3.3,1,Returned
CUST1107,34.0,Male,Pune,2025-03-21,2025-10-16,Home & Kitchen,200.0,1,0.0,Credit Card,4.0,5.0,0,Delivered
CUST1039,18.0,Female,Mumbai,2024-11-08,2025-02-15,Clothing,300.0,3,0.0,Credit Card,5.0,3.6,0,Delivered
CUST1237,35.0,Female,Chennai,2024-10-04,2025-09-17,Clothing,953.11,4,10.0,Net Banking,3.0,3.8,0,Cancelled
CUST1078,38.0,Male,Pune,2024-08-29,2025-01-16,Home & Kitchen,371.83,1,25.0,UPI,3.0,3.7,0,Delivered
CUST1217,21.0,Female,Bengaluru,2025-03-08,2026-02-08,Home & Kitchen,370.01,5,15.0,Debit Card,1.0,5.0,0,Delivered
CUST1223,32.0,Female,Jaipur,2024-12-02,2025-02-26,Books,100.0,3,15.0,Cash on Delivery,2.0,4.6,0,Delivered
CUST1089,18.0,Male,Bengaluru,2025-01-11,2025-10-16,Books,108.73,1,20.0,Cash on Delivery,5.0,4.4,0,Delivered
CUST1110,19.0,Male,Mumbai ,2024-02-25,2024-04-24,books,150.66,1,25.0,UPI,1.0,4.2,0,Delivered
CUST1161,35.0,Male,Pune,2024-07-06,2024-09-25,books,100.0,1,0.0,Net Banking,3.0,5.0,0,Delivered
CUST1243,28.0,Female,Pune,2024-07-17,2025-02-07,Electronics,300.0,2,10.0,Credit Card,3.0,5.0,0,Cancelled
CUST1168,33.0,Female,Patna,2025-04-26,2025-12-31,Home & Kitchen,978.44,5,15.0,Credit Card,5.0,4.6,1,Returned
CUST1078,26.0,Male,Delhi,2024-12-02,2025-08-16,Grocery,63.0,1,15.0,Debit Card,1.0,4.4,0,Delivered
CUST1127,150.0,Male,Delhi,2025-02-04,2025-09-06,Clothing,414.89,4,10.0,Credit Card,7.0,3.7,0,Delivered
CUST1161,36.0,F,Bengaluru,2024-06-15,2024-08-25,Electronics,537.7,1,15.0,Cash on Delivery,2.0,4.6,1,Returned
CUST1109,18.0,Female,Chennai,2024-10-27,2025-01-24,Home and Kitchen,374.22,4,10.0,UPI,3.0,4.8,0,Delivered
CUST1205,18.0,Male,Mumbai,2024-06-13,2025-01-23,Electronics,382.09,1,5.0,Credit Card,5.0,4.2,0,Delivered
CUST1221,29.0,Male,Chennai,2024-12-03,2025-10-17,Home & Kitchen,200.0,1,0.0,Cash on Delivery,1.0,5.0,0,Delivered
CUST1071,34.0,Female,Chennai,2024-11-18,2024-11-20,Beauty,150.0,1,0.0,Credit Card,3.0,5.0,0,Delivered
CUST1034,18.0,Male,Pune,2024-07-29,2025-06-16,Electronics,545.36,5,15.0,Debit Card,4.0,5.0,0,Delivered
CUST1177,38.0,Male,,2024-06-27,2024-12-29,Home & Kitchen,200.0,4,5.0,UPI,5.0,4.4,0,Delivered
CUST1055,24.0,Female,Pune,2025-01-30,2025-06-14,Electronics,712.69,2,10.0,Net Banking,2.0,4.6,0,Delivered
CUST1095,,Female,Mumbai,2024-08-09,2024-11-19,Clothing,327.03,3,25.0,Net Banking,4.0,4.5,0,Delivered
CUST1164,39.0,Female,Mumbai,2024-04-23,2024-12-20,Books,212.93,4,10.0,Net Banking,4.0,4.0,0,Delivered
CUST1210,32.0,Female,Hyderabad,2024-11-05,2025-07-24,Electronics,709.65,1,10.0,UPI,6.0,3.2,0,Delivered
CUST1145,21.0,Female,Patna,2024-06-06,2024-11-24,Books,100.0,3,5.0,UPI,4.0,4.7,0,Delivered
CUST1159,29.0,Male,Chennai,2024-01-14,2024-12-25,Grocery,50.14,3,5.0,Credit Card,4.0,4.1,0,Delivered
CUST1192,54.0,Male,Delhi,2025-05-07,2025-09-04,Clothing,300.0,1,10.0,Cash on Delivery,10.0,4.0,0,Delivered
CUST1191,43.0,Female,Jaipur,2024-01-25,2024-05-04,Clothing,354.5,5,10.0,Net Banking,1.0,5.0,0,Delivered
CUST1087,36.0,Female,mumbai,2025-01-14,2025-12-14,Beauty,150.0,1,25.0,Debit Card,6.0,3.7,0,Delivered
CUST1225,18.0,Female,Bengaluru,2024-02-10,2024-10-24,Beauty,150.0,4,15.0,Net Banking,2.0,5.0,0,Cancelled
CUST1120,40.0,Male,Ahmedabad,2024-11-22,2025-03-18,Grocery,50.0,5,5.0,Cash on Delivery,5.0,5.0,1,Returned
CUST1246,36.0,Male,Chennai,2025-02-16,2025-11-15,Electronics,300.0,2,10.0,Cash on Delivery,4.0,4.8,0,Delivered
CUST1004,34.0,Female,Jaipur,2024-02-21,2024-07-03,Electronics,300.0,1,15.0,Debit Card,2.0,4.9,0,Delivered
CUST1234,38.0,Male,Patna,2024-09-25,2024-09-27,Electronics,300.0,1,30.0,Cash on Delivery,4.0,4.3,1,Returned
CUST1063,18.0,Female,Patna,2024-04-01,2024-08-16,Beauty,150.0,3,25.0,UPI,4.0,5.0,0,Delivered
CUST1014,38.0,Female,Patna,2025-01-25,2025-02-09,Home & Kitchen,200.0,4,,Cash on Delivery,2.0,5.0,0,Delivered
CUST1212,29.0,Female,Mumbai,2024-06-22,2024-10-12,Clothes,300.0,5,15.0,Debit Card,6.0,3.7,0,Delivered
CUST1125,24.0,Female,Mumbai,2024-01-06,2024-10-28,Clothing,308.72,4,15.0,Cash on Delivery,5.0,4.5,1,Returned
CUST1008,24.0,F,Patna,2024-01-28,2024-08-10,Grocery,79.35,3,30.0,UPI,3.0,3.9,0,Delivered
CUST1183,36.0,Male,Bengaluru,2024-04-09,2024-04-15,Home & Kitchen,200.0,3,10.0,UPI,4.0,4.6,0,Delivered
CUST1206,30.0,Female,Kolkata,2024-12-06,2025-01-31,Electronics,566.24,4,10.0,Net Banking,4.0,3.5,0,Delivered
CUST1189,28.0,Male,Ahmedabad,2024-01-25,2024-10-16,Books,311.37,3,30.0,Credit Card,7.0,2.8,0,Delivered
CUST1203,35.0,Female,Bengaluru,2024-12-25,2025-06-26,Home & Kitchen,200.0,1,10.0,Cash on Delivery,4.0,5.0,0,Delivered
CUST1069,26.0,Female,Chennai,2025-04-11,2026-02-22,Beauty,150.0,5,30.0,Cash on Delivery,4.0,5.0,0,Delivered
CUST1062,31.0,Male,Pune,2024-06-10,2024-12-24,Home & Kitchen,200.0,1,20.0,Cash on Delivery,7.0,3.4,0,Delivered
CUST1058,31.0,Male,Jaipur,2025-05-01,2026-02-04,Home & Kitchen,449.48,5,0.0,Credit Card,3.0,4.6,0,Delivered
CUST1114,40.0,Male,Ahmedabad,2024-08-09,2024-11-07,Electronics,437.91,4,25.0,Debit Card,1.0,5.0,0,Delivered
CUST1125,18.0,Female,Bengaluru,2024-02-04,2024-04-30,Electronics,300.0,3,10.0,Cash on Delivery,4.0,4.6,0,Delivered
CUST1152,38.0,Female,Patna,2024-09-10,2025-04-24,Electronics,649.15,5,20.0,Credit Card,2.0,,0,Delivered
CUST1053,21.0,Female,Chennai,2025-02-04,2025-05-11,Books,100.0,2,0.0,UPI,5.0,4.9,0,Delivered
CUST1033,36.0,Male,Chennai,2024-09-09,2025-01-12,Home & Kitchen,278.97,1,15.0,Cash on Delivery,2.0,5.0,0,Delivered
CUST1199,18.0,Female,Bengaluru,2024-03-18,2024-06-02,Books,120.61,2,0.0,Net Banking,5.0,4.3,0,Delivered
CUST1233,34.0,Male,Jaipur,2024-04-09,2024-05-09,Books,100.0,1,30.0,Debit Card,6.0,3.9,0,Delivered
CUST1060,18.0,Male,Delhi,2024-05-03,2024-06-01,Grocery,163.68,1,5.0,Cash on Delivery,3.0,4.3,0,Delivered
CUST1086,23.0,Male,Chennai,2024-12-13,2025-09-23,Clothing,566.98,2,5.0,Debit Card,5.0,3.9,1,Returned
CUST1083,21.0,Male,,2024-12-25,2025-06-26,Home & Kitchen,200.0,1,10.0,Debit Card,2.0,4.0,0,Delivered
CUST1124,46.0,Female,Chennai,2024-08-22,2024-12-06,Beauty,351.08,4,30.0,Cash on Delivery,4.0,4.9,0,Delivered
CUST1036,18.0,Female,Delhi,2024-03-16,2024-06-24,Beauty,150.0,3,25.0,UPI,5.0,3.8,1,Returned
CUST1243,32.0,Female,Patna,2024-07-14,2025-06-01,Beauty,150.0,4,30.0,UPI,5.0,3.1,0,Delivered
CUST1223,38.0,Female,Hyderabad,2024-02-18,2025-01-30,Home & Kitchen,200.0,4,10.0,Credit Card,4.0,4.1,0,Delivered
CUST1044,18.0,Female,Pune,2025-05-11,2025-07-04,Home & Kitchen,200.0,1,20.0,Debit Card,2.0,5.0,0,Delivered
CUST1081,42.0,Female,Bengaluru,2024-06-23,2024-10-09,Electronics,578.29,4,,UPI,1.0,5.0,0,Delivered
CUST1090,25.0,Male,Pune,2025-02-04,2025-04-23,Electronic,300.0,1,25.0,Credit Card,1.0,4.2,0,Delivered
CUST1116,18.0,Male,Hyderabad,2024-06-14,2025-06-07,Clothing,300.0,1,20.0,Cash on Delivery,6.0,4.5,1,Returned
CUST1089,38.0,MALE,Ahmedabad,2024-03-26,2024-09-25,Clothing,300.0,1,10.0,Net Banking,4.0,4.0,0,Delivered
CUST1014,40.0,Male,Delhi,2024-12-01,2025-03-25,Books,100.0,3,25.0,Net Banking,3.0,4.1,0,Delivered
CUST1201,28.0,MALE,Kolkata,2024-07-19,2025-05-10,Electronics,355.51,1,0.0,Cash on Delivery,8.0,7.0,0,Delivered
CUST1141,49.0,Female,Pune,2024-07-06,2025-06-16,Clothes,316.01,3,25.0,Cash on Delivery,5.0,4.2,0,Delivered
CUST1019,45.0,Female,Patna,2025-04-20,2025-08-10,Electronics,300.0,1,20.0,UPI,2.0,5.0,0,Delivered
CUST1233,45.0,Female,Pune,2024-08-01,2024-12-29,Beauty,252.66,5,20.0,UPI,5.0,4.0,0,Delivered
CUST1061,42.0,Female,Mumbai,2024-06-01,2025-01-23,Beauty,150.0,4,20.0,Debit Card,2.0,4.0,0,Delivered
CUST1213,22.0,Female,Hyderabad,2024-09-26,2025-03-12,Electronics,413.82,1,10.0,Cash on Delivery,4.0,4.0,0,Delivered
CUST1153,41.0,Female,mumbai,2024-08-13,2025-03-21,Grocery,113.81,1,25.0,Debit Card,7.0,3.7,0,Delivered
CUST1218,52.0,Male,Patna,2025-03-11,2025-03-17,Books,100.0,2,10.0,Net Banking,3.0,5.0,0,Delivered
CUST1025,39.0,Female,Kolkata,2024-10-20,2025-01-14,Books,120.22,2,0.0,Debit Card,4.0,3.7,1,Returned
CUST1140,42.0,Male,Jaipur,2024-01-09,2024-08-28,Electronics,333.78,1,10.0,Debit Card,5.0,4.5,0,Delivered
CUST1029,39.0,Female,Hyderabad,2024-06-15,2025-02-26,Clothing,300.0,4,15.0,Debit Card,1.0,5.0,0,Delivered
CUST1248,25.0,Male,Ahmedabad,2024-04-10,2025-03-04,Electronics,510.79,1,0.0,Credit Card,3.0,5.0,0,Delivered
CUST1046,44.0,Female,Delhi,2025-04-21,2026-03-04,Electronics,300.0,2,10.0,Net Banking,6.0,4.3,0,Delivered
CUST1248,26.0,Female,Patna,2024-07-22,2024-09-08,Clothing,333.76,4,0.0,Cash on Delivery,4.0,4.5,1,Returned
CUST1041,25.0,Male,,2024-12-10,2025-08-15,Beauty,154.79,5,30.0,UPI,3.0,4.3,0,Delivered
CUST1154,35.0,Female,Bengaluru,2024-04-07,2025-01-06,Grocery,88.19,5,20.0,Cash on Delivery,2.0,4.1,0,Delivered
CUST1059,40.0,Male,Kolkata,2024-09-26,2025-08-26,Home & Kitchen,219.64,2,25.0,Debit Card,5.0,4.2,0,Delivered
